,kWh
1,0.8
2,0.8
3,0.5
4,0.5
5,0.5
6,0.4
7,0.5
8,0.4
9,0.5
10,0.4
11,0.6
12,1.4
13,1.1
14,0.8
15,0.6
16,0.3
17,1.1
18,1.1
19,0.6
20,0.4
21,0.4
22,0.4
23,3
24,2.7
25,0.4
26,0.5
27,0.4
28,0.4
29,0.4
30,0.4
31,0.4
32,0.4
33,0.4
34,1.1
35,0.7
36,0.5
37,0.8
38,1.3
39,0.8
40,0.6
41,0.6
42,0.6
43,1
44,1.1
45,1.2
46,0.8
47,0.8
48,0.6
49,0.4
50,0.5
51,0.5
52,0.4
53,0.4
54,0.4
55,0.4
56,0.4
57,0.4
58,0.4
59,0.7
60,0.5
61,0.4
62,0.4
63,0.5
64,0.4
65,0.6
66,0.8
67,2.3
68,1.4
69,0.8
70,0.8
71,0.6
72,0.4
73,0.4
74,0.5
75,0.4
76,0.4
77,0.4
78,0.4
79,0.4
80,0.4
81,0.4
82,0.4
83,1.1
84,2.3
85,1.6
86,1.1
87,0.9
88,1.2
89,1.3
90,4.9
91,1.3
92,1.2
93,1.6
94,3.4
95,3.4
96,4.5
97,2
98,3.7
99,0.6
100,0.7
101,0.5
102,0.5
103,0.4
104,1.3
105,0.8
106,0.7
107,1.1
108,3.9
109,0.5
110,0.6
111,0.6
112,0.5
113,0.6
114,1.1
115,2.6
116,1.1
117,1.9
118,1.6
119,1.2
120,1.3
121,1.2
122,0.4
123,0.3
124,0.4
125,0.4
126,0.4
127,0.4
128,0.5
129,0.7
130,1.4
131,1
132,2.3
133,0.9
134,0.5
135,0.4
136,0.6
137,0.6
138,0.6
139,0.8
140,0.6
141,0.7
142,1
143,1.4
144,1
145,1.3
146,1
147,0.4
148,0.3
149,0.4
150,0.4
151,0.4
152,0.4
153,0.5
154,0.6
155,1.2
156,0.7
157,0.4
158,0.6
159,0.7
160,0.7
161,1.2
162,1.6
163,2.8
164,2.1
165,1.2
166,1.5
167,1.1
168,0.8
169,0.4
170,0.4
171,0.3
172,0.3
173,0.3
174,0.3
175,0.3
176,0.3
177,1
178,0.5
179,0.5
180,0.7
181,0.7
182,0.7
183,0.8
184,3.5
185,1
186,0.8
187,0.7
188,0.7
189,1.1
190,1
191,1
192,1
193,0.9
194,0.6
195,0.5
196,0.5
197,0.4
198,0.5
199,0.5
200,0.8
201,0.8
202,0.3
203,0.5
204,0.4
205,0.4
206,0.6
207,1
208,0.7
209,0.4
210,1
211,1
212,1.2
213,0.9
214,0.8
215,3.3
216,0.7
217,0.6
218,0.5
219,0.4
220,0.5
221,0.4
222,0.4
223,0.4
224,0.4
225,0.4
226,0.5
227,1.2
228,2.6
229,1.4
230,3.5
231,0.8
232,1.1
233,3.1
234,1
235,1.8
236,1.1
237,0.9
238,1
239,0.9
240,0.8
241,0.6
242,0.6
243,0.7
244,0.5
245,0.4
246,0.4
247,0.4
248,0.4
249,0.4
250,0.4
251,0.4
252,1.1
253,4.2
254,3.2
255,2.8
256,3.5
257,1.1
258,3.9
259,2
260,3.3
261,3.3
262,1
263,1.1
264,0.9
265,0.6
266,0.5
267,0.4
268,0.4
269,0.3
270,0.4
271,0.3
272,0.4
273,0.9
274,0.4
275,0.5
276,0.5
277,0.5
278,0.5
279,0.8
280,0.8
281,0.4
282,0.4
283,1.6
284,1.2
285,0.8
286,0.8
287,0.8
288,0.8
289,0.6
290,0.4
291,0.3
292,0.4
293,0.3
294,0.4
295,0.3
296,0.4
297,0.3
298,0.4
299,0.6
300,0.4
301,0.5
302,0.7
303,0.6
304,0.4
305,2.6
306,0.5
307,1.5
308,1.2
309,1.8
310,1.4
311,1.1
312,1.8
313,3.3
314,0.6
315,0.5
316,0.5
317,0.4
318,0.4
319,0.4
320,0.4
321,0.4
322,1
323,3.6
324,0.9
325,0.6
326,0.6
327,0.6
328,0.7
329,0.8
330,0.8
331,2.2
332,1.3
333,0.9
334,0.9
335,1.2
336,2.1
337,2.1
338,3
339,2.9
340,0.5
341,0.4
342,0.3
343,0.4
344,0.3
345,0.4
346,0.5
347,0.5
348,0.7
349,0.4
350,0.5
351,2.2
352,1.1
353,0.6
354,0.6
355,0.4
356,0.5
357,0.5
358,0.7
359,1
360,0.5
361,0.4
362,0.3
363,0.4
364,0.3
365,0.4
366,0.4
367,0.3
368,0.6
369,1.2
370,0.5
371,0.3
372,0.3
373,0.4
374,0.3
375,0.5
376,0.8
377,0.7
378,0.8
379,1.1
380,1
381,0.8
382,0.8
383,0.8
384,0.7
385,0.5
386,0.3
387,0.4
388,0.4
389,0.3
390,0.4
391,0.3
392,0.4
393,0.3
394,0.3
395,0.4
396,0.5
397,0.3
398,0.3
399,0.3
400,0.4
401,0.3
402,0.3
403,0.3
404,1
405,0.9
406,0.8
407,0.9
408,2.5
409,0.4
410,0.3
411,0.4
412,0.3
413,0.4
414,0.3
415,0.3
416,0.3
417,0.3
418,0.6
419,3
420,4
421,3
422,0.9
423,1.1
424,1.1
425,0.9
426,1
427,1.8
428,3.2
429,3.7
430,0.7
431,0.8
432,2.1
433,0.4
434,0.3
435,0.3
436,0.3
437,0.3
438,0.3
439,0.3
440,0.3
441,1
442,1.8
443,3
444,0.6
445,0.4
446,0.3
447,0.3
448,1
449,1
450,0.9
451,0.8
452,0.8
453,0.7
454,0.9
455,0.7
456,0.8
457,0.6
458,0.4
459,0.6
460,0.5
461,0.5
462,0.5
463,0.5
464,0.6
465,1.2
466,1
467,0.4
468,0.9
469,0.6
470,0.8
471,0.8
472,0.4
473,0.4
474,0.6
475,0.9
476,0.5
477,0.5
478,0.7
479,0.8
480,0.8
481,0.5
482,0.3
483,0.3
484,0.2
485,0.3
486,0.2
487,0.3
488,0.3
489,1.2
490,0.5
491,0.4
492,0.3
493,0.5
494,0.6
495,2.6
496,3.4
497,1
498,0.8
499,2
500,2.2
501,1.4
502,1.3
503,0.8
504,1
505,0.7
506,0.4
507,0.4
508,0.4
509,0.4
510,0.4
511,0.4
512,0.5
513,1
514,1
515,0.6
516,0.7
517,0.8
518,0.7
519,0.9
520,1
521,0.7
522,0.5
523,0.6
524,0.6
525,0.7
526,0.8
527,0.8
528,0.8
529,0.6
530,0.4
531,0.4
532,0.4
533,0.4
534,0.4
535,0.4
536,0.5
537,0.4
538,0.4
539,0.4
540,0.4
541,0.5
542,0.6
543,0.4
544,0.5
545,0.5
546,1.1
547,1
548,1
549,0.8
550,0.8
551,1.1
552,0.8
553,0.6
554,3.4
555,2.8
556,3.6
557,0.4
558,0.3
559,0.5
560,0.4
561,0.4
562,1.2
563,3.3
564,1.5
565,0.4
566,0.7
567,1
568,1.4
569,1.1
570,0.9
571,0.9
572,1.2
573,0.8
574,0.9
575,1.1
576,0.8
577,0.8
578,0.4
579,0.4
580,0.4
581,0.5
582,0.4
583,0.4
584,0.4
585,0.4
586,0.4
587,1.2
588,1
589,0.5
590,2.2
591,2
592,3.1
593,3.9
594,3.2
595,2.7
596,2.5
597,1
598,0.8
599,0.8
600,0.6
601,0.5
602,0.6
603,0.5
604,0.4
605,0.4
606,0.4
607,0.3
608,0.4
609,0.3
610,0.5
611,0.4
612,0.3
613,0.4
614,0.5
615,0.5
616,0.5
617,0.7
618,1.2
619,2.9
620,0.6
621,0.6
622,0.6
623,0.8
624,1
625,0.5
626,0.5
627,0.5
628,0.5
629,0.5
630,0.5
631,0.3
632,0.4
633,0.3
634,0.6
635,0.3
636,0.4
637,0.3
638,1
639,0.8
640,0.7
641,0.7
642,0.9
643,0.9
644,0.7
645,0.6
646,0.5
647,0.8
648,1.2
649,0.9
650,0.6
651,0.5
652,0.3
653,0.3
654,0.3
655,0.4
656,0.4
657,0.4
658,0.4
659,0.3
660,0.5
661,0.6
662,0.7
663,0.8
664,0.7
665,0.7
666,0.8
667,0.9
668,1
669,0.7
670,0.8
671,1.4
672,1.8
673,3.4
674,0.5
675,0.4
676,0.4
677,0.3
678,0.4
679,0.3
680,0.4
681,0.5
682,0.5
683,0.8
684,0.7
685,0.6
686,0.7
687,0.8
688,3.3
689,3.8
690,1.8
691,3
692,2.6
693,1.5
694,1.1
695,1
696,1
697,0.7
698,1
699,0.7
700,0.4
701,0.4
702,0.4
703,0.4
704,0.4
705,0.9
706,0.9
707,0.4
708,0.5
709,0.4
710,0.6
711,0.5
712,0.6
713,2.1
714,2
715,0.7
716,0.8
717,1.2
718,0.6
719,0.8
720,0.7
721,0.6
722,0.5
723,0.5
724,0.4
725,0.4
726,0.4
727,0.4
728,0.4
729,0.4
730,0.3
731,0.5
732,0.8
733,0.7
734,0.8
735,0.8
736,0.7
737,1
738,0.8
739,0.8
740,0.8
741,0.9
742,1
743,1
744,0.9
745,0.9
746,1
747,0.9
748,0.4
749,0.4
750,0.4
751,0.3
752,0.4
753,0.3
754,0.4
755,0.6
756,0.8
757,0.7
758,0.8
759,0.9
760,0.7
761,0.6
762,0.8
763,0.9
764,0.5
765,1.3
766,0.9
767,2.4
768,3.4
769,0.7
770,0.5
771,0.5
772,0.4
773,0.4
774,0.4
775,0.4
776,0.4
777,2.1
778,2.2
779,0.3
780,0.4
781,0.4
782,0.6
783,0.4
784,0.4
785,0.5
786,0.6
787,0.8
788,1
789,1.2
790,2.9
791,1.8
792,1.4
793,0.7
794,0.7
795,0.6
796,0.4
797,0.3
798,0.4
799,0.3
800,0.4
801,0.6
802,2.3
803,1.2
804,0.6
805,0.6
806,0.9
807,0.8
808,0.9
809,0.9
810,2
811,1.8
812,1.3
813,0.4
814,0.4
815,1
816,4.5
817,2.7
818,0.7
819,0.6
820,0.4
821,0.4
822,0.3
823,0.3
824,0.3
825,0.8
826,0.7
827,0.6
828,0.6
829,0.6
830,0.4
831,0.4
832,0.6
833,1.2
834,0.8
835,1
836,1.1
837,1
838,0.8
839,1
840,1
841,0.8
842,0.6
843,0.4
844,0.4
845,0.3
846,0.4
847,0.4
848,0.4
849,0.3
850,0.4
851,0.3
852,0.3
853,0.3
854,0.4
855,0.4
856,0.4
857,0.6
858,0.8
859,0.8
860,0.8
861,0.8
862,0.8
863,0.8
864,0.7
865,0.8
866,0.5
867,0.4
868,0.3
869,0.3
870,0.4
871,0.4
872,0.4
873,1
874,0.8
875,0.6
876,0.5
877,0.5
878,0.5
879,0.6
880,0.5
881,0.7
882,0.6
883,0.8
884,0.7
885,0.7
886,0.7
887,0.7
888,0.8
889,0.6
890,0.6
891,0.4
892,0.4
893,0.4
894,0.4
895,0.4
896,0.4
897,0.3
898,0.3
899,0.3
900,0.4
901,0.4
902,1
903,0.6
904,3.8
905,2.7
906,0.4
907,0.5
908,1
909,0.7
910,0.4
911,0.4
912,0.4
913,0.5
914,0.5
915,0.5
916,0.5
917,0.5
918,0.4
919,0.4
920,0.3
921,0.4
922,0.4
923,1.3
924,0.9
925,0.8
926,0.8
927,0.9
928,0.6
929,0.8
930,0.7
931,1.2
932,1.1
933,2.6
934,4
935,3.2
936,2.7
937,0.5
938,0.6
939,0.6
940,0.5
941,0.4
942,0.4
943,0.4
944,0.4
945,3.4
946,3.6
947,0.6
948,0.6
949,0.5
950,0.7
951,1
952,0.9
953,0.6
954,0.8
955,2.6
956,1.5
957,0.7
958,0.7
959,1
960,0.8
961,0.8
962,0.8
963,0.7
964,0.7
965,0.6
966,0.6
967,0.5
968,0.5
969,1
970,0.7
971,0.5
972,0.4
973,0.4
974,0.4
975,0.6
976,0.6
977,0.5
978,0.7
979,1
980,1
981,0.8
982,1
983,1
984,0.8
985,0.6
986,0.6
987,0.6
988,0.4
989,0.3
990,0.3
991,0.4
992,1.1
993,0.6
994,0.4
995,0.5
996,0.5
997,0.5
998,0.5
999,0.6
1000,0.5
1001,0.4
1002,0.5
1003,1.1
1004,1.1
1005,1.2
1006,0.9
1007,3.1
1008,4.6
1009,1.5
1010,0.4
1011,0.6
1012,0.5
1013,0.3
1014,0.3
1015,0.3
1016,0.4
1017,0.3
1018,0.3
1019,0.4
1020,0.9
1021,1
1022,0.5
1023,0.7
1024,0.7
1025,0.7
1026,1.1
1027,3.6
1028,2.6
1029,1.6
1030,0.9
1031,0.8
1032,1.3
1033,1.1
1034,0.5
1035,0.5
1036,0.5
1037,0.3
1038,0.4
1039,0.4
1040,0.3
1041,0.4
1042,0.5
1043,0.5
1044,0.6
1045,0.4
1046,0.5
1047,0.8
1048,1.1
1049,1.2
1050,1.4
1051,2.6
1052,0.8
1053,1
1054,1
1055,0.9
1056,1.1
1057,0.8
1058,0.7
1059,1
1060,0.5
1061,0.3
1062,0.3
1063,0.3
1064,0.3
1065,0.3
1066,0.4
1067,1.2
1068,4.3
1069,1.9
1070,0.7
1071,0.6
1072,0.7
1073,0.4
1074,0.3
1075,0.3
1076,0.3
1077,0.4
1078,0.8
1079,1
1080,0.6
1081,0.6
1082,0.3
1083,0.3
1084,0.3
1085,0.3
1086,0.3
1087,0.3
1088,0.3
1089,0.3
1090,3
1091,0.8
1092,2.7
1093,4
1094,3.8
1095,0.8
1096,1.1
1097,1.2
1098,0.9
1099,1.5
1100,3.6
1101,2
1102,1.4
1103,1.2
1104,1
1105,0.5
1106,0.5
1107,0.5
1108,0.3
1109,0.4
1110,0.3
1111,0.4
1112,0.4
1113,0.5
1114,0.6
1115,0.8
1116,2.5
1117,0.9
1118,3.4
1119,1.2
1120,3.5
1121,0.4
1122,2.8
1123,2.1
1124,1.1
1125,3.7
1126,1
1127,0.9
1128,0.8
1129,0.8
1130,0.8
1131,0.4
1132,0.4
1133,0.4
1134,0.4
1135,0.3
1136,0.3
1137,0.3
1138,0.4
1139,0.3
1140,0.3
1141,0.8
1142,0.5
1143,0.5
1144,0.4
1145,0.5
1146,1.9
1147,0.6
1148,0.5
1149,0.6
1150,0.8
1151,0.8
1152,0.7
1153,0.6
1154,0.6
1155,0.5
1156,0.6
1157,0.6
1158,0.3
1159,0.4
1160,0.3
1161,0.4
1162,0.4
1163,0.4
1164,0.5
1165,0.5
1166,0.4
1167,0.5
1168,0.4
1169,0.5
1170,0.4
1171,0.5
1172,0.6
1173,0.6
1174,0.9
1175,1
1176,1.3
1177,0.7
1178,0.5
1179,0.5
1180,0.4
1181,0.5
1182,0.5
1183,0.3
1184,0.3
1185,0.6
1186,0.6
1187,0.4
1188,0.4
1189,0.5
1190,0.9
1191,3
1192,0.6
1193,0.4
1194,0.7
1195,1.9
1196,1.2
1197,0.8
1198,0.6
1199,0.7
1200,0.7
1201,0.7
1202,0.4
1203,0.5
1204,0.4
1205,0.4
1206,0.3
1207,0.4
1208,0.3
1209,0.3
1210,0.3
1211,0.5
1212,0.8
1213,0.6
1214,0.6
1215,0.6
1216,0.5
1217,0.5
1218,0.7
1219,1
1220,0.8
1221,0.6
1222,0.6
1223,0.4
1224,0.3
1225,0.4
1226,0.3
1227,0.4
1228,0.4
1229,0.6
1230,0.3
1231,0.3
1232,0.3
1233,0.3
1234,0.6
1235,1.1
1236,2.3
1237,3.2
1238,3
1239,1.3
1240,1.3
1241,1.3
1242,0.8
1243,0.7
1244,0.4
1245,0.3
1246,0.4
1247,0.8
1248,0.9
1249,0.8
1250,0.5
1251,0.5
1252,0.6
1253,0.5
1254,0.3
1255,0.3
1256,0.3
1257,0.4
1258,0.3
1259,0.3
1260,0.7
1261,0.6
1262,0.9
1263,0.9
1264,0.7
1265,0.5
1266,0.6
1267,2.5
1268,2.6
1269,2.7
1270,2.9
1271,1.4
1272,0.8
1273,0.6
1274,0.6
1275,0.5
1276,0.3
1277,0.4
1278,0.3
1279,0.3
1280,0.3
1281,0.7
1282,0.5
1283,0.5
1284,0.5
1285,0.6
1286,0.6
1287,0.6
1288,0.6
1289,0.5
1290,0.5
1291,0.9
1292,0.7
1293,0.6
1294,0.6
1295,0.8
1296,0.7
1297,0.6
1298,0.4
1299,0.4
1300,0.3
1301,0.3
1302,0.3
1303,0.3
1304,0.3
1305,0.3
1306,0.3
1307,0.3
1308,0.3
1309,0.4
1310,0.5
1311,0.5
1312,0.5
1313,0.3
1314,0.6
1315,1.4
1316,0.7
1317,0.4
1318,0.6
1319,0.9
1320,0.7
1321,0.6
1322,0.6
1323,0.4
1324,0.4
1325,0.3
1326,0.4
1327,0.3
1328,0.4
1329,0.5
1330,0.7
1331,0.8
1332,0.8
1333,0.7
1334,0.7
1335,0.5
1336,0.6
1337,0.7
1338,0.7
1339,1.1
1340,1.2
1341,1
1342,1
1343,1.4
1344,1.1
1345,3.6
1346,2.8
1347,0.8
1348,0.6
1349,0.5
1350,0.4
1351,0.5
1352,0.3
1353,0.3
1354,0.3
1355,0.7
1356,0.7
1357,0.7
1358,0.8
1359,0.9
1360,0.8
1361,0.9
1362,2.2
1363,1.2
1364,0.9
1365,0.7
1366,0.6
1367,1.2
1368,1.2
1369,1.2
1370,1.1
1371,0.8
1372,0.5
1373,0.4
1374,0.3
1375,0.3
1376,0.3
1377,0.3
1378,0.4
1379,0.6
1380,0.6
1381,0.5
1382,0.8
1383,0.5
1384,0.4
1385,0.8
1386,1
1387,1
1388,1.1
1389,1.1
1390,0.8
1391,1.8
1392,2.3
1393,0.6
1394,0.5
1395,0.5
1396,0.4
1397,0.3
1398,0.4
1399,0.8
1400,0.6
1401,0.5
1402,1
1403,0.9
1404,0.8
1405,1.5
1406,1.1
1407,1.2
1408,2.1
1409,1.6
1410,0.8
1411,0.7
1412,2
1413,0.6
1414,0.9
1415,1
1416,1
1417,0.8
1418,0.5
1419,0.5
1420,0.5
1421,0.4
1422,0.3
1423,0.3
1424,0.4
1425,0.5
1426,1.6
1427,1
1428,1.3
1429,3.4
1430,2.5
1431,2.4
1432,0.9
1433,0.6
1434,0.6
1435,0.8
1436,1
1437,0.7
1438,0.8
1439,0.8
1440,0.8
1441,0.6
1442,0.5
1443,0.6
1444,0.5
1445,0.5
1446,0.4
1447,0.3
1448,0.4
1449,0.7
1450,1
1451,4
1452,0.7
1453,0.7
1454,0.7
1455,0.6
1456,0.6
1457,0.8
1458,1
1459,1
1460,0.9
1461,0.8
1462,1.8
1463,2.5
1464,3.8
1465,0.7
1466,0.7
1467,0.5
1468,0.4
1469,0.3
1470,0.4
1471,0.3
1472,0.4
1473,0.5
1474,0.7
1475,0.4
1476,0.3
1477,0.5
1478,0.7
1479,0.6
1480,0.5
1481,0.5
1482,0.5
1483,0.7
1484,0.7
1485,0.7
1486,0.7
1487,0.7
1488,0.7
1489,0.8
1490,0.7
1491,0.5
1492,0.5
1493,0.5
1494,0.4
1495,0.3
1496,0.3
1497,0.3
1498,0.3
1499,0.3
1500,0.3
1501,0.5
1502,0.6
1503,0.5
1504,0.4
1505,0.5
1506,0.8
1507,0.6
1508,0.7
1509,0.9
1510,1
1511,2.2
1512,1.2
1513,0.9
1514,0.5
1515,0.5
1516,0.5
1517,0.4
1518,0.4
1519,0.3
1520,0.5
1521,0.5
1522,0.4
1523,0.4
1524,0.5
1525,0.4
1526,0.5
1527,0.5
1528,0.6
1529,0.4
1530,0.4
1531,0.6
1532,0.5
1533,0.4
1534,1
1535,0.8
1536,0.8
1537,0.6
1538,0.6
1539,0.5
1540,0.6
1541,0.5
1542,0.4
1543,0.3
1544,0.4
1545,0.4
1546,0.9
1547,0.7
1548,0.8
1549,0.8
1550,0.8
1551,0.7
1552,0.7
1553,1.4
1554,3.2
1555,0.7
1556,0.7
1557,0.6
1558,0.6
1559,0.7
1560,0.8
1561,0.5
1562,0.2
1563,0.4
1564,0.4
1565,0.4
1566,0.4
1567,0.3
1568,0.3
1569,0.3
1570,1.8
1571,3.1
1572,2.4
1573,3.4
1574,0.6
1575,0.5
1576,0.6
1577,0.4
1578,0.8
1579,2.3
1580,1.7
1581,0.8
1582,0.9
1583,3.8
1584,0.8
1585,0.8
1586,0.5
1587,0.8
1588,0.8
1589,0.4
1590,0.4
1591,0.4
1592,0.2
1593,0.4
1594,0.3
1595,0.3
1596,1.8
1597,1
1598,3.2
1599,0.9
1600,0.8
1601,0.7
1602,0.6
1603,0.6
1604,0.7
1605,0.8
1606,0.6
1607,0.7
1608,0.7
1609,0.4
1610,0.6
1611,0.4
1612,0.4
1613,0.5
1614,0.4
1615,0.4
1616,0.3
1617,0.3
1618,0.2
1619,0.3
1620,0.2
1621,0.4
1622,0.4
1623,0.6
1624,0.5
1625,0.4
1626,0.5
1627,0.4
1628,1.4
1629,0.7
1630,0.6
1631,0.6
1632,0.6
1633,0.5
1634,0.4
1635,0.3
1636,0.3
1637,0.3
1638,0.3
1639,0.3
1640,0.3
1641,0.3
1642,0.3
1643,0.6
1644,0.6
1645,1.6
1646,1
1647,1.7
1648,1.9
1649,0.7
1650,0.8
1651,0.9
1652,0.7
1653,0.4
1654,1.4
1655,2.3
1656,2.7
1657,0.8
1658,0.6
1659,0.4
1660,0.3
1661,0.4
1662,0.3
1663,0.3
1664,0.5
1665,0.3
1666,0.4
1667,0.3
1668,0.3
1669,0.4
1670,0.6
1671,0.5
1672,0.6
1673,0.5
1674,0.3
1675,0.4
1676,0.8
1677,0.8
1678,1
1679,0.8
1680,1.1
1681,0.7
1682,0.3
1683,0.4
1684,0.3
1685,0.3
1686,0.3
1687,0.3
1688,0.4
1689,0.3
1690,0.3
1691,0.3
1692,0.5
1693,0.6
1694,0.7
1695,0.8
1696,2.5
1697,1.1
1698,0.8
1699,3.2
1700,0.6
1701,0.4
1702,0.7
1703,0.9
1704,0.8
1705,2.4
1706,1
1707,0.6
1708,0.4
1709,0.4
1710,0.3
1711,0.3
1712,0.3
1713,0.3
1714,0.3
1715,0.4
1716,0.4
1717,0.5
1718,0.6
1719,0.4
1720,3.2
1721,0.7
1722,0.4
1723,0.6
1724,0.8
1725,1.5
1726,3.6
1727,3
1728,2.9
1729,3.2
1730,0.5
1731,0.5
1732,0.4
1733,0.4
1734,0.4
1735,0.4
1736,0.4
1737,0.6
1738,0.6
1739,0.4
1740,0.4
1741,0.6
1742,0.9
1743,0.7
1744,0.8
1745,0.7
1746,1.1
1747,0.7
1748,3.1
1749,0.8
1750,0.8
1751,0.9
1752,0.7
1753,0.6
1754,0.6
1755,0.5
1756,0.4
1757,0.5
1758,0.5
1759,0.4
1760,0.4
1761,0.6
1762,0.8
1763,3.3
1764,1.4
1765,3.9
1766,4.6
1767,1.6
1768,1.5
1769,1.1
1770,3.3
1771,0.8
1772,3.5
1773,2.9
1774,2.9
1775,1.2
1776,1
1777,0.9
1778,0.6
1779,0.4
1780,0.3
1781,0.3
1782,0.4
1783,0.3
1784,0.6
1785,0.6
1786,0.8
1787,2.4
1788,4.3
1789,2
1790,3.7
1791,5.3
1792,3.9
1793,2.4
1794,2.6
1795,2.4
1796,3.6
1797,2.4
1798,1.2
1799,0.9
1800,1
1801,0.8
1802,0.4
1803,0.5
1804,0.5
1805,0.4
1806,0.5
1807,0.4
1808,0.5
1809,0.4
1810,0.3
1811,1.1
1812,0.8
1813,1.2
1814,1.1
1815,1.2
1816,1.1
1817,2
1818,2.1
1819,2
1820,3.6
1821,4.7
1822,2.2
1823,2.1
1824,1.4
1825,1.6
1826,0.9
1827,0.6
1828,0.9
1829,0.6
1830,0.4
1831,0.4
1832,0.3
1833,0.5
1834,0.9
1835,1.1
1836,1.2
1837,1.1
1838,1.2
1839,2.4
1840,1.9
1841,1
1842,1.1
1843,1.4
1844,4
1845,1.2
1846,2.2
1847,0.5
1848,0.5
1849,0.4
1850,0.4
1851,0.3
1852,0.4
1853,0.3
1854,0.3
1855,0.3
1856,0.4
1857,0.4
1858,0.5
1859,1.1
1860,0.8
1861,0.6
1862,0.5
1863,1
1864,0.8
1865,0.9
1866,1.8
1867,1.6
1868,1.4
1869,1.2
1870,1.4
1871,3
1872,1.2
1873,0.5
1874,0.3
1875,0.3
1876,0.4
1877,0.4
1878,0.4
1879,0.3
1880,0.3
1881,0.4
1882,0.4
1883,0.8
1884,0.7
1885,0.7
1886,1.2
1887,1
1888,1.5
1889,1.2
1890,1.4
1891,1.3
1892,1.2
1893,1
1894,1.3
1895,1.1
1896,0.7
1897,0.7
1898,0.6
1899,0.3
1900,0.4
1901,0.8
1902,0.4
1903,0.3
1904,0.3
1905,0.3
1906,0.4
1907,0.4
1908,0.3
1909,0.6
1910,1.2
1911,1.3
1912,1.6
1913,1.2
1914,1.5
1915,1.5
1916,1.8
1917,1.8
1918,1.4
1919,1.4
1920,1.1
1921,0.7
1922,0.4
1923,0.3
1924,0.3
1925,0.3
1926,0.3
1927,0.3
1928,0.3
1929,0.5
1930,0.3
1931,0.4
1932,0.7
1933,1.4
1934,1.8
1935,2.7
1936,3.9
1937,3.4
1938,1.4
1939,1.5
1940,1.4
1941,1.2
1942,1.3
1943,1.3
1944,0.7
1945,0.5
1946,0.3
1947,0.2
1948,0.3
1949,0.3
1950,0.4
1951,0.4
1952,0.5
1953,0.5
1954,0.4
1955,0.7
1956,1.3
1957,1
1958,2.7
1959,2.7
1960,2.3
1961,2.7
1962,1.5
1963,1.6
1964,1.1
1965,0.9
1966,1.1
1967,1.2
1968,1.1
1969,0.6
1970,0.4
1971,0.3
1972,0.3
1973,0.3
1974,0.3
1975,0.3
1976,0.4
1977,0.8
1978,0.5
1979,0.4
1980,0.6
1981,1.2
1982,1.2
1983,1.5
1984,3.3
1985,2
1986,2.1
1987,1.4
1988,1.8
1989,1.6
1990,1.6
1991,1.5
1992,1.1
1993,1
1994,0.5
1995,0.4
1996,0.3
1997,0.3
1998,0.3
1999,0.3
2000,0.4
2001,0.6
2002,0.6
2003,0.4
2004,0.7
2005,0.8
2006,0.5
2007,0.5
2008,0.8
2009,1.2
2010,1.3
2011,1.5
2012,1.6
2013,1.6
2014,2.1
2015,1.5
2016,0.8
2017,0.4
2018,0.3
2019,0.3
2020,0.3
2021,0.3
2022,0.3
2023,0.4
2024,0.3
2025,0.6
2026,0.7
2027,0.6
2028,1
2029,0.7
2030,1.3
2031,0.9
2032,1
2033,1.5
2034,1.1
2035,1.2
2036,1.6
2037,2
2038,2
2039,1.4
2040,0.7
2041,0.9
2042,0.7
2043,0.5
2044,0.4
2045,0.2
2046,0.3
2047,0.2
2048,0.4
2049,0.4
2050,0.3
2051,0.4
2052,0.5
2053,1.1
2054,1.5
2055,1.7
2056,1.3
2057,1.6
2058,1.6
2059,2.4
2060,3.9
2061,2.8
2062,1.4
2063,0.9
2064,1
2065,2.8
2066,0.5
2067,0.3
2068,0.3
2069,0.3
2070,0.4
2071,0.3
2072,0.3
2073,0.3
2074,0.2
2075,0.9
2076,1.5
2077,4
2078,4.6
2079,3
2080,1.9
2081,1.9
2082,3.2
2083,2.4
2084,2.1
2085,2.1
2086,2.1
2087,1.9
2088,1.4
2089,0.7
2090,0.4
2091,0.3
2092,0.3
2093,0.3
2094,0.3
2095,0.3
2096,0.4
2097,0.9
2098,0.9
2099,1.3
2100,1.2
2101,1
2102,1.2
2103,1.4
2104,1.7
2105,2.1
2106,1.8
2107,1.6
2108,1.6
2109,1.9
2110,1.9
2111,1.6
2112,2
2113,1.6
2114,0.8
2115,0.7
2116,0.5
2117,0.3
2118,0.2
2119,0.3
2120,0.4
2121,1.3
2122,1
2123,1.4
2124,1.9
2125,2
2126,2
2127,2.6
2128,3
2129,2.9
2130,3.6
2131,2.7
2132,3.2
2133,2.7
2134,2.9
2135,2
2136,1.5
2137,0.9
2138,0.5
2139,0.5
2140,0.3
2141,0.3
2142,0.3
2143,0.2
2144,0.4
2145,0.5
2146,1.3
2147,1.7
2148,1.2
2149,1.6
2150,1.8
2151,1.9
2152,2.2
2153,1.8
2154,1.9
2155,2.6
2156,2
2157,4.6
2158,3
2159,3.4
2160,1.5
2161,1.6
2162,0.7
2163,0.3
2164,0.3
2165,0.3
2166,0.3
2167,0.3
2168,0.6
2169,0.5
2170,1
2171,1.3
2172,1.6
2173,1.6
2174,1.8
2175,1.7
2176,1.7
2177,1.6
2178,1.9
2179,1.5
2180,1.6
2181,4.2
2182,2.9
2183,1.6
2184,1.2
2185,0.7
2186,0.3
2187,0.3
2188,0.3
2189,0.4
2190,0.4
2191,0.3
2192,0.3
2193,0.3
2194,0.4
2195,0.5
2196,0.6
2197,1.4
2198,4
2199,2.5
2200,3.3
2201,1.1
2202,1.7
2203,3.6
2204,2.2
2205,1.5
2206,1.7
2207,1.9
2208,1.8
2209,1.1
2210,0.4
2211,0.5
2212,0.4
2213,0.5
2214,0.4
2215,0.4
2216,0.3
2217,0.3
2218,1.2
2219,0.6
2220,0.9
2221,1.5
2222,1.9
2223,1.7
2224,4
2225,3.5
2226,2.2
2227,4.8
2228,3.3
2229,2.8
2230,2.3
2231,1.7
2232,1.8
2233,1.6
2234,0.9
2235,0.7
2236,0.3
2237,0.3
2238,0.2
2239,0.3
2240,0.2
2241,0.3
2242,0.9
2243,1.6
2244,4.2
2245,1.8
2246,1.1
2247,1.2
2248,1.8
2249,1.4
2250,2.9
2251,2.3
2252,3.1
2253,3.6
2254,2
2255,1.6
2256,1.6
2257,1.1
2258,0.5
2259,0.5
2260,0.3
2261,0.3
2262,0.3
2263,0.5
2264,0.3
2265,0.3
2266,0.3
2267,0.4
2268,0.7
2269,1.5
2270,1.6
2271,1.6
2272,1.5
2273,1.3
2274,1.3
2275,1.2
2276,1.3
2277,1
2278,1.2
2279,1.4
2280,1.5
2281,0.6
2282,0.3
2283,0.3
2284,0.3
2285,0.3
2286,0.3
2287,0.3
2288,0.3
2289,0.3
2290,0.4
2291,0.6
2292,0.5
2293,0.7
2294,1.1
2295,1.3
2296,1.3
2297,1.3
2298,1.6
2299,2.2
2300,2.2
2301,3.5
2302,3.9
2303,1.4
2304,1
2305,0.5
2306,0.5
2307,0.3
2308,0.3
2309,0.3
2310,0.3
2311,0.3
2312,0.4
2313,0.4
2314,0.4
2315,0.5
2316,0.6
2317,0.4
2318,0.9
2319,0.9
2320,1.2
2321,1.3
2322,1.3
2323,2.2
2324,5.1
2325,2.4
2326,2.3
2327,3.2
2328,1.3
2329,0.5
2330,0.5
2331,0.4
2332,0.3
2333,0.3
2334,0.3
2335,0.3
2336,0.3
2337,0.3
2338,0.3
2339,0.4
2340,0.5
2341,0.5
2342,0.5
2343,1
2344,0.8
2345,1
2346,1.5
2347,1
2348,0.6
2349,0.4
2350,0.6
2351,0.5
2352,0.6
2353,0.5
2354,0.5
2355,0.3
2356,0.4
2357,0.3
2358,0.3
2359,0.3
2360,0.4
2361,0.3
2362,0.3
2363,0.5
2364,0.5
2365,0.5
2366,0.6
2367,0.5
2368,0.5
2369,1
2370,1
2371,1.2
2372,1
2373,4
2374,1.3
2375,2.7
2376,3.7
2377,0.8
2378,0.6
2379,0.6
2380,0.4
2381,0.3
2382,0.3
2383,0.3
2384,0.5
2385,0.9
2386,0.7
2387,0.3
2388,0.4
2389,0.5
2390,0.5
2391,0.5
2392,1.2
2393,1.5
2394,2
2395,3.5
2396,2.4
2397,2.4
2398,1.8
2399,1.9
2400,1.8
2401,0.9
2402,0.5
2403,0.4
2404,0.4
2405,0.4
2406,0.3
2407,0.3
2408,0.3
2409,0.4
2410,0.6
2411,1.2
2412,2.7
2413,2.3
2414,2.4
2415,4.5
2416,2
2417,3
2418,2.6
2419,1.5
2420,1.9
2421,2.2
2422,2.2
2423,2.1
2424,1.6
2425,2.1
2426,0.9
2427,0.5
2428,0.3
2429,0.3
2430,0.3
2431,0.4
2432,0.4
2433,0.4
2434,0.8
2435,2.1
2436,3.9
2437,1.8
2438,1.4
2439,1.8
2440,1.6
2441,2.1
2442,1.6
2443,2.4
2444,2
2445,2.8
2446,2.2
2447,5.3
2448,1.9
2449,1.2
2450,0.5
2451,0.5
2452,0.4
2453,0.4
2454,0.3
2455,0.3
2456,0.5
2457,0.6
2458,0.6
2459,0.9
2460,0.9
2461,1.2
2462,1.3
2463,1.8
2464,4.4
2465,3.7
2466,2.7
2467,2
2468,1.6
2469,2.1
2470,3.2
2471,1.9
2472,1.3
2473,1.5
2474,1.1
2475,0.7
2476,0.3
2477,0.3
2478,0.3
2479,0.3
2480,0.5
2481,0.6
2482,1.6
2483,1
2484,1.3
2485,0.5
2486,1.1
2487,1.5
2488,1.6
2489,1.6
2490,1.6
2491,2.1
2492,2.5
2493,2.5
2494,2.4
2495,1.8
2496,1.9
2497,1.6
2498,1.3
2499,1.2
2500,0.6
2501,0.4
2502,0.4
2503,0.3
2504,0.3
2505,0.4
2506,1.2
2507,1
2508,1.1
2509,1.1
2510,1.2
2511,1.2
2512,1.2
2513,1.7
2514,2.2
2515,3.8
2516,1.6
2517,1.8
2518,1.7
2519,1.2
2520,3.6
2521,1.8
2522,0.4
2523,0.3
2524,0.3
2525,0.3
2526,0.3
2527,0.4
2528,0.9
2529,0.3
2530,0.3
2531,0.4
2532,0.5
2533,0.5
2534,0.5
2535,0.6
2536,0.4
2537,0.3
2538,0.6
2539,1.5
2540,1.3
2541,3.6
2542,1.3
2543,1
2544,0.9
2545,0.6
2546,0.6
2547,0.5
2548,0.5
2549,0.3
2550,0.4
2551,0.4
2552,0.3
2553,0.3
2554,0.5
2555,0.3
2556,0.4
2557,0.4
2558,0.8
2559,0.9
2560,1.1
2561,1.3
2562,1.2
2563,1.6
2564,1.6
2565,2.7
2566,1.6
2567,1.2
2568,0.8
2569,1.2
2570,0.5
2571,0.3
2572,0.3
2573,0.4
2574,0.6
2575,0.3
2576,0.3
2577,0.3
2578,0.5
2579,0.5
2580,0.8
2581,0.7
2582,1.1
2583,4.2
2584,1.6
2585,2
2586,4.6
2587,2.1
2588,2.2
2589,2.1
2590,1.8
2591,1.5
2592,1.5
2593,1
2594,1.2
2595,1
2596,0.5
2597,0.5
2598,0.4
2599,0.5
2600,0.4
2601,0.5
2602,0.8
2603,1.2
2604,1.6
2605,1.6
2606,1.7
2607,2
2608,1.8
2609,1.8
2610,1.5
2611,1.4
2612,1.7
2613,2
2614,1.7
2615,1.3
2616,1
2617,0.6
2618,0.4
2619,0.4
2620,0.4
2621,0.3
2622,0.3
2623,0.3
2624,0.3
2625,0.3
2626,0.3
2627,0.6
2628,0.5
2629,1.1
2630,1.2
2631,1.4
2632,1.8
2633,1.6
2634,1.6
2635,2.6
2636,1.9
2637,2.6
2638,1.4
2639,1.8
2640,1.4
2641,0.9
2642,0.9
2643,0.3
2644,0.3
2645,0.3
2646,0.3
2647,0.3
2648,0.3
2649,0.3
2650,0.3
2651,0.4
2652,0.6
2653,0.9
2654,1.2
2655,1.2
2656,1.6
2657,1.3
2658,1.4
2659,1.8
2660,1.6
2661,1.7
2662,3.6
2663,2
2664,1.2
2665,1.9
2666,0.7
2667,0.6
2668,0.4
2669,0.4
2670,0.4
2671,0.4
2672,0.4
2673,0.4
2674,0.5
2675,0.3
2676,0.4
2677,0.8
2678,0.8
2679,2.1
2680,2.8
2681,2
2682,2.2
2683,2.2
2684,2.1
2685,2.4
2686,1.7
2687,1.6
2688,1
2689,0.9
2690,0.4
2691,0.4
2692,0.4
2693,0.4
2694,0.3
2695,0.3
2696,0.4
2697,0.3
2698,0.3
2699,0.3
2700,0.4
2701,0.4
2702,1.2
2703,1.1
2704,1.7
2705,1.4
2706,1.4
2707,1.9
2708,1.8
2709,1.8
2710,1.7
2711,1.8
2712,2.1
2713,1.2
2714,1
2715,0.4
2716,0.3
2717,0.4
2718,0.4
2719,0.4
2720,0.4
2721,0.4
2722,1.2
2723,1
2724,0.8
2725,0.7
2726,0.8
2727,0.8
2728,1.2
2729,1.6
2730,1.3
2731,1
2732,0.7
2733,0.4
2734,0.4
2735,0.4
2736,0.4
2737,3.5
2738,0.9
2739,0.5
2740,0.5
2741,0.4
2742,0.4
2743,0.4
2744,0.4
2745,0.5
2746,0.7
2747,0.9
2748,1.1
2749,1
2750,1
2751,1.8
2752,1.7
2753,2.1
2754,1.6
2755,1.7
2756,1.6
2757,1.6
2758,2.9
2759,2.9
2760,2.6
2761,1.5
2762,1
2763,0.4
2764,0.3
2765,0.3
2766,0.4
2767,0.4
2768,0.3
2769,0.3
2770,0.3
2771,0.5
2772,0.8
2773,1.6
2774,1.6
2775,1.1
2776,1.1
2777,1.4
2778,1.1
2779,3.3
2780,2.5
2781,1.1
2782,1.3
2783,1.8
2784,2.6
2785,2.6
2786,2.8
2787,1.9
2788,0.4
2789,0.3
2790,0.4
2791,0.4
2792,0.3
2793,0.3
2794,0.4
2795,0.9
2796,1.2
2797,1.4
2798,1.4
2799,3.8
2800,1.8
2801,2
2802,2.1
2803,2.3
2804,2.1
2805,2.3
2806,2.3
2807,1.9
2808,1.1
2809,1.7
2810,0.7
2811,0.4
2812,0.4
2813,0.4
2814,0.3
2815,0.4
2816,0.4
2817,0.7
2818,0.9
2819,1
2820,1.5
2821,0.5
2822,1.2
2823,1.4
2824,1.5
2825,1.5
2826,2.1
2827,1.7
2828,2.1
2829,1.6
2830,2.7
2831,2.6
2832,2.3
2833,1.8
2834,1.1
2835,0.8
2836,0.8
2837,0.5
2838,0.4
2839,0.8
2840,0.8
2841,1.2
2842,2.5
2843,1.9
2844,1.8
2845,1.9
2846,2.2
2847,2.1
2848,2.4
2849,2.5
2850,3.7
2851,3.4
2852,2.1
2853,2
2854,1.5
2855,2
2856,2
2857,1.1
2858,0.8
2859,0.7
2860,0.4
2861,0.3
2862,0.4
2863,0.3
2864,0.5
2865,0.7
2866,1.3
2867,1.6
2868,1.3
2869,1.3
2870,2.2
2871,2
2872,2.1
2873,2
2874,2.2
2875,2.9
2876,2.9
2877,3
2878,3.1
2879,2.4
2880,2
2881,2.9
2882,1
2883,0.6
2884,0.6
2885,0.5
2886,0.4
2887,0.3
2888,0.6
2889,1.3
2890,1.5
2891,1.4
2892,1.5
2893,1.8
2894,3.7
2895,3.3
2896,2.6
2897,2.9
2898,2.6
2899,2.6
2900,2.2
2901,1.7
2902,1.6
2903,1.6
2904,1.1
2905,1.4
2906,1.7
2907,0.6
2908,0.3
2909,0.5
2910,0.3
2911,0.3
2912,0.5
2913,1.1
2914,1.2
2915,2
2916,1.6
2917,1.6
2918,1.8
2919,4.1
2920,6
2921,5.7
2922,3.8
2923,3.3
2924,3.2
2925,3.2
2926,3
2927,2.7
2928,2.4
2929,2.8
2930,2.5
2931,1.2
2932,0.9
2933,0.8
2934,0.7
2935,0.7
2936,1.3
2937,1.6
2938,1.5
2939,1.3
2940,1.6
2941,1.6
2942,1.7
2943,2
2944,2.4
2945,2.2
2946,2
2947,2.3
2948,4.8
2949,2.9
2950,4.4
2951,1.9
2952,1.5
2953,1.4
2954,1.4
2955,0.7
2956,0.7
2957,0.5
2958,0.3
2959,0.5
2960,0.7
2961,1
2962,1.5
2963,1
2964,1.2
2965,1.4
2966,1.6
2967,1.4
2968,2.2
2969,2.7
2970,2.8
2971,0.8
2972,0.6
2973,1
2974,0.8
2975,1.6
2976,2.4
2977,1.6
2978,0.8
2979,0.8
2980,0.4
2981,0.3
2982,0.3
2983,0.4
2984,0.6
2985,0.7
2986,0.9
2987,1.6
2988,1.8
2989,1.3
2990,1.7
2991,1.6
2992,1.7
2993,1.6
2994,1.5
2995,1.5
2996,1.4
2997,1.5
2998,1.4
2999,1.4
3000,1.3
3001,1.3
3002,1
3003,0.5
3004,0.6
3005,0.3
3006,0.3
3007,0.3
3008,0.8
3009,0.9
3010,1.3
3011,1
3012,1.4
3013,1.6
3014,2.2
3015,2.2
3016,2.6
3017,2
3018,1.6
3019,2
3020,4.4
3021,1.8
3022,1.7
3023,1.7
3024,1.8
3025,1.2
3026,0.9
3027,0.5
3028,0.5
3029,1.6
3030,1
3031,0.6
3032,1.2
3033,1.7
3034,0.9
3035,0.6
3036,1.2
3037,1.4
3038,1.2
3039,1.3
3040,1.6
3041,1.6
3042,1.7
3043,1.9
3044,1.8
3045,2.8
3046,3
3047,1
3048,2.1
3049,1.2
3050,0.7
3051,0.5
3052,0.3
3053,0.3
3054,0.3
3055,0.3
3056,0.4
3057,0.4
3058,0.8
3059,2.7
3060,1
3061,0.9
3062,0.8
3063,1.8
3064,1.9
3065,1.7
3066,1.7
3067,1.9
3068,1.6
3069,1.5
3070,1.6
3071,1.3
3072,1.2
3073,0.3
3074,0.3
3075,0.3
3076,0.3
3077,0.3
3078,0.3
3079,0.3
3080,0.2
3081,0.4
3082,0.4
3083,0.3
3084,0.3
3085,1.2
3086,1.3
3087,1.6
3088,1.5
3089,1.4
3090,1.7
3091,1.3
3092,0.7
3093,1.1
3094,1.4
3095,1
3096,0.6
3097,0.5
3098,0.6
3099,0.5
3100,0.5
3101,0.3
3102,0.3
3103,0.3
3104,0.3
3105,0.3
3106,0.3
3107,0.3
3108,0.6
3109,1.1
3110,1.3
3111,1.6
3112,1.6
3113,1.6
3114,2.2
3115,1.8
3116,1.6
3117,1.3
3118,1.1
3119,1.1
3120,0.8
3121,0.5
3122,0.5
3123,0.5
3124,0.3
3125,0.3
3126,0.3
3127,0.3
3128,0.2
3129,0.3
3130,0.6
3131,0.6
3132,1.4
3133,1.4
3134,1.9
3135,1.8
3136,2.2
3137,2.6
3138,2.1
3139,2.4
3140,2.6
3141,5.3
3142,3.3
3143,4.8
3144,2.6
3145,1.3
3146,0.7
3147,0.8
3148,0.7
3149,0.3
3150,0.4
3151,0.3
3152,0.6
3153,0.9
3154,1
3155,1.1
3156,1.2
3157,1.5
3158,1.6
3159,1.7
3160,2.2
3161,1.8
3162,1.4
3163,1.3
3164,2.4
3165,2.3
3166,1.9
3167,1.6
3168,1.6
3169,0.8
3170,0.7
3171,0.3
3172,0.3
3173,0.3
3174,0.3
3175,0.3
3176,0.5
3177,1
3178,1.3
3179,1.4
3180,1.2
3181,1.4
3182,1.3
3183,1.3
3184,1.8
3185,2.2
3186,4.4
3187,2.9
3188,3.8
3189,2.2
3190,3
3191,2.3
3192,1.9
3193,3.9
3194,1.2
3195,1
3196,0.6
3197,0.5
3198,0.6
3199,0.5
3200,1.6
3201,1.3
3202,1.4
3203,1.2
3204,1.4
3205,1.2
3206,2
3207,1.8
3208,1.9
3209,1.6
3210,1.6
3211,2.2
3212,1.6
3213,1.9
3214,1.4
3215,1.3
3216,1.2
3217,0.8
3218,0.8
3219,0.8
3220,0.4
3221,0.4
3222,0.3
3223,0.4
3224,0.5
3225,0.6
3226,0.3
3227,0.7
3228,0.8
3229,0.8
3230,1.1
3231,1.1
3232,0.6
3233,0.6
3234,0.4
3235,0.4
3236,0.4
3237,0.5
3238,0.9
3239,0.9
3240,1
3241,1
3242,0.7
3243,0.5
3244,0.4
3245,0.3
3246,0.4
3247,0.5
3248,1
3249,1.1
3250,0.6
3251,0.6
3252,0.8
3253,1.4
3254,1.5
3255,1.5
3256,1.7
3257,2.1
3258,3.9
3259,1.9
3260,1.4
3261,1.2
3262,0.9
3263,1.1
3264,0.9
3265,1
3266,0.6
3267,0.4
3268,0.4
3269,0.4
3270,0.4
3271,0.4
3272,0.4
3273,0.4
3274,0.4
3275,0.7
3276,1
3277,1.4
3278,1.5
3279,1.3
3280,1.9
3281,5.4
3282,4.2
3283,5.6
3284,2.2
3285,4.7
3286,4.4
3287,3.2
3288,1.2
3289,0.7
3290,0.6
3291,0.3
3292,0.3
3293,0.3
3294,0.3
3295,0.3
3296,0.6
3297,0.9
3298,0.9
3299,1.1
3300,0.9
3301,1.2
3302,1.2
3303,1.3
3304,1.3
3305,1.4
3306,1.9
3307,1.8
3308,1.4
3309,1.3
3310,1.7
3311,1.6
3312,1.5
3313,1
3314,0.6
3315,0.6
3316,0.3
3317,0.3
3318,0.3
3319,0.5
3320,0.8
3321,1.1
3322,1.2
3323,0.8
3324,1.2
3325,0.9
3326,1.2
3327,1.2
3328,1.6
3329,1.4
3330,1.5
3331,2.8
3332,2.3
3333,1.1
3334,1.3
3335,4.2
3336,2.3
3337,2.6
3338,0.3
3339,0.4
3340,0.5
3341,0.5
3342,0.3
3343,0.3
3344,0.4
3345,0.4
3346,0.4
3347,1.2
3348,1.3
3349,1.5
3350,2.6
3351,1.3
3352,3
3353,2.4
3354,2.1
3355,2.4
3356,2.2
3357,1.8
3358,1.9
3359,2.2
3360,2.4
3361,1.3
3362,1.1
3363,0.7
3364,0.8
3365,0.7
3366,0.5
3367,0.5
3368,0.9
3369,1.1
3370,1.2
3371,1.6
3372,1.4
3373,1.4
3374,1.9
3375,2.2
3376,1.9
3377,2
3378,2.1
3379,1.8
3380,1.6
3381,1.3
3382,1.7
3383,1.8
3384,1.4
3385,1.6
3386,0.8
3387,0.4
3388,0.7
3389,0.3
3390,0.4
3391,0.4
3392,0.7
3393,0.8
3394,1
3395,1.2
3396,1.1
3397,1.2
3398,1.5
3399,1.5
3400,1.6
3401,1.8
3402,1.6
3403,1.2
3404,1
3405,1.6
3406,1.2
3407,1.1
3408,0.7
3409,0.5
3410,0.4
3411,0.3
3412,0.2
3413,0.3
3414,0.2
3415,0.3
3416,0.2
3417,0.5
3418,3.2
3419,0.7
3420,3.2
3421,4.3
3422,4.2
3423,3.9
3424,5.4
3425,2.2
3426,2.1
3427,2.1
3428,2.4
3429,2.2
3430,2.2
3431,2.2
3432,1.5
3433,1
3434,0.3
3435,0.3
3436,0.2
3437,0.3
3438,0.3
3439,0.3
3440,0.3
3441,0.8
3442,0.7
3443,1.3
3444,1.9
3445,1.8
3446,2
3447,2.3
3448,2.6
3449,2
3450,2
3451,1.6
3452,2.6
3453,1.7
3454,2.2
3455,2
3456,1.6
3457,1.2
3458,0.3
3459,0.4
3460,0.3
3461,0.2
3462,0.3
3463,0.2
3464,0.3
3465,0.8
3466,1
3467,1.7
3468,1.9
3469,2
3470,2
3471,2.4
3472,5
3473,4.4
3474,3.9
3475,2.7
3476,2.4
3477,2.2
3478,3.5
3479,1.9
3480,1.3
3481,0.6
3482,1
3483,1
3484,0.5
3485,0.3
3486,0.5
3487,0.3
3488,1
3489,1.3
3490,1.3
3491,1.3
3492,1.2
3493,1.8
3494,1.7
3495,2.3
3496,2.2
3497,1.9
3498,2.3
3499,2.6
3500,2.4
3501,1.5
3502,1.8
3503,1.4
3504,0.7
3505,1.2
3506,1.7
3507,1.5
3508,1
3509,0.5
3510,0.3
3511,0.6
3512,0.6
3513,1.9
3514,2.8
3515,1.6
3516,1.3
3517,1.9
3518,1.9
3519,1.9
3520,2.2
3521,2.3
3522,2
3523,2.4
3524,1.8
3525,2.3
3526,2.2
3527,2.3
3528,2.6
3529,2.5
3530,1
3531,0.4
3532,0.6
3533,0.4
3534,0.4
3535,0.3
3536,0.7
3537,0.9
3538,1
3539,1.2
3540,3.1
3541,3.1
3542,3.6
3543,2
3544,2
3545,1.8
3546,1.9
3547,2.2
3548,3.2
3549,2.1
3550,2.2
3551,2.2
3552,3.2
3553,0.9
3554,0.9
3555,0.6
3556,0.7
3557,0.4
3558,0.6
3559,0.6
3560,0.9
3561,1.2
3562,1.2
3563,1.2
3564,1.2
3565,1.4
3566,1.5
3567,1.8
3568,2
3569,2
3570,1.9
3571,2.2
3572,2.5
3573,3.5
3574,2.1
3575,2.4
3576,2
3577,1.2
3578,1.5
3579,0.7
3580,0.6
3581,0.6
3582,0.5
3583,0.6
3584,0.6
3585,1.5
3586,1.7
3587,1.6
3588,1.4
3589,1.5
3590,1.5
3591,2.1
3592,2.4
3593,5.1
3594,4.4
3595,4.7
3596,2.5
3597,2
3598,1.5
3599,2.1
3600,1.9
3601,1.2
3602,1.1
3603,1
3604,0.6
3605,0.8
3606,0.6
3607,0.6
3608,0.9
3609,2.2
3610,2.3
3611,1.6
3612,1.6
3613,1.7
3614,3.7
3615,3.9
3616,4
3617,4.9
3618,5.2
3619,3.6
3620,2.8
3621,2.5
3622,2.2
3623,2.3
3624,1.9
3625,1.4
3626,1.3
3627,1
3628,0.8
3629,0.9
3630,0.7
3631,0.8
3632,1.1
3633,1
3634,1.3
3635,1.4
3636,1.4
3637,1.7
3638,2.1
3639,1.8
3640,2.2
3641,2.1
3642,3
3643,2.5
3644,2.6
3645,2.6
3646,2.1
3647,2.5
3648,1.8
3649,2
3650,1.9
3651,1
3652,1.1
3653,0.9
3654,0.9
3655,0.9
3656,1.2
3657,1.5
3658,1.8
3659,1.9
3660,2
3661,2.3
3662,2.4
3663,2.6
3664,2.4
3665,2.4
3666,2.7
3667,2.8
3668,2.4
3669,1.8
3670,2.1
3671,1.5
3672,1.6
3673,1
3674,1.1
3675,0.7
3676,1
3677,0.5
3678,0.8
3679,0.7
3680,1
3681,1.2
3682,1.6
3683,1.6
3684,2
3685,1.9
3686,2.8
3687,3.7
3688,4.6
3689,4.2
3690,3
3691,2.7
3692,2.6
3693,3
3694,2.9
3695,4.1
3696,3.8
3697,1.5
3698,1
3699,1
3700,1
3701,0.9
3702,0.6
3703,0.6
3704,1
3705,1.2
3706,1.4
3707,2
3708,2
3709,2.1
3710,2
3711,2.2
3712,2.4
3713,2
3714,1.7
3715,1.8
3716,1.7
3717,1.5
3718,2
3719,3.9
3720,2.2
3721,1.4
3722,1.3
3723,1.2
3724,1.2
3725,1.1
3726,1
3727,0.8
3728,1.2
3729,1.2
3730,1
3731,1.6
3732,1.6
3733,1.4
3734,1.4
3735,1.5
3736,1.4
3737,1.4
3738,1.7
3739,1.5
3740,1.2
3741,2.1
3742,1.8
3743,1.8
3744,1.5
3745,1.1
3746,1.4
3747,0.9
3748,0.9
3749,0.8
3750,0.9
3751,0.8
3752,1
3753,1.1
3754,1.5
3755,1.3
3756,1.2
3757,1.5
3758,2
3759,1.7
3760,1.7
3761,2
3762,2
3763,1.7
3764,1.8
3765,2.2
3766,2
3767,1.4
3768,3.8
3769,3.6
3770,1.8
3771,1.4
3772,1.3
3773,1.2
3774,0.9
3775,0.9
3776,1
3777,1.5
3778,2
3779,4.4
3780,2
3781,2.2
3782,2.2
3783,4.1
3784,4
3785,4.9
3786,4.2
3787,5.2
3788,4.7
3789,3.2
3790,2.8
3791,4.3
3792,2.7
3793,2
3794,1.3
3795,1.5
3796,1.2
3797,1
3798,1.1
3799,0.8
3800,1.1
3801,1.9
3802,1.4
3803,1.4
3804,1.7
3805,2.2
3806,2.3
3807,2.7
3808,2.4
3809,2.6
3810,2.7
3811,2.9
3812,3.4
3813,3.3
3814,2.6
3815,2.5
3816,2.7
3817,2.1
3818,1.9
3819,2
3820,1.8
3821,1.8
3822,1.6
3823,1.5
3824,1.8
3825,2
3826,2.4
3827,2
3828,2.1
3829,1.2
3830,1.5
3831,1.6
3832,1.8
3833,2.1
3834,2
3835,2.8
3836,2.6
3837,2.5
3838,2.3
3839,2.4
3840,1.6
3841,1.9
3842,2.1
3843,1.8
3844,1.7
3845,1.6
3846,1.2
3847,1.3
3848,1.6
3849,1.4
3850,1.4
3851,1.5
3852,2.1
3853,2.1
3854,2.3
3855,2.3
3856,2.4
3857,2.7
3858,2.7
3859,2.7
3860,2.5
3861,2.6
3862,2.7
3863,2.8
3864,2
3865,1.8
3866,1.3
3867,1.4
3868,1.2
3869,1.2
3870,1
3871,1.1
3872,1.1
3873,1.6
3874,2.2
3875,2.8
3876,2.6
3877,2.5
3878,2.6
3879,2.6
3880,2.6
3881,2.6
3882,3
3883,3
3884,2.9
3885,2.5
3886,2.4
3887,2.4
3888,1.9
3889,1.9
3890,1.8
3891,1.2
3892,1
3893,1.1
3894,0.8
3895,0.8
3896,1.1
3897,1.4
3898,1.7
3899,1.9
3900,2.1
3901,2.5
3902,2.8
3903,3.1
3904,3.1
3905,3.1
3906,3.2
3907,3
3908,2.8
3909,3.1
3910,3.3
3911,3.2
3912,3.2
3913,5.2
3914,2.6
3915,1.8
3916,2
3917,1.6
3918,1.5
3919,1.2
3920,1.5
3921,2
3922,5.5
3923,2.8
3924,4.2
3925,5
3926,4.1
3927,6.9
3928,5.7
3929,3.6
3930,7.4
3931,7.7
3932,4.3
3933,3.4
3934,3.8
3935,4.1
3936,4.6
3937,2.9
3938,2.3
3939,1.9
3940,1.7
3941,1.5
3942,1.4
3943,1.6
3944,1.8
3945,3.1
3946,2.3
3947,2.1
3948,2.4
3949,2.6
3950,2.9
3951,2.9
3952,3.1
3953,3.5
3954,3.7
3955,4.4
3956,7.4
3957,5.3
3958,3.5
3959,3.2
3960,2.6
3961,1.7
3962,1.8
3963,1.7
3964,1.7
3965,1.7
3966,1.4
3967,1.5
3968,1.6
3969,2.8
3970,2
3971,2.6
3972,2.6
3973,3
3974,3.5
3975,3.3
3976,3.8
3977,3.7
3978,3.9
3979,3.6
3980,3.6
3981,3.9
3982,3.5
3983,3.2
3984,2.2
3985,2.2
3986,2
3987,1.8
3988,1.7
3989,1.7
3990,1.4
3991,1.7
3992,1.6
3993,2.2
3994,2.6
3995,3.9
3996,3.1
3997,3.1
3998,3.6
3999,3.8
4000,3.8
4001,3.8
4002,3.9
4003,4.1
4004,3.5
4005,3.6
4006,3.7
4007,3.3
4008,3.1
4009,3.3
4010,2.5
4011,1.9
4012,1.8
4013,1.7
4014,1.6
4015,1.7
4016,1.8
4017,2.4
4018,2.5
4019,2.8
4020,2.7
4021,3.8
4022,3.6
4023,4.2
4024,4.6
4025,4.5
4026,4.4
4027,4.8
4028,5.8
4029,3.6
4030,2.7
4031,3.8
4032,4.3
4033,3.2
4034,2.4
4035,2.3
4036,2.2
4037,1.9
4038,1.6
4039,1.5
4040,1.8
4041,2.2
4042,2.3
4043,2.6
4044,2.9
4045,3.5
4046,4
4047,3.9
4048,3.7
4049,4.1
4050,3.8
4051,4.4
4052,3.7
4053,3.7
4054,3.1
4055,3.3
4056,3.5
4057,3.6
4058,2.2
4059,2.1
4060,1.9
4061,1.8
4062,1.7
4063,1.7
4064,2.2
4065,2.3
4066,2.4
4067,2.8
4068,2.8
4069,2.8
4070,3.4
4071,3.6
4072,4.1
4073,4
4074,4
4075,4
4076,3.4
4077,2.9
4078,2.7
4079,3
4080,2.1
4081,1.9
4082,1.8
4083,1.6
4084,1.6
4085,1.3
4086,1.4
4087,2
4088,1.6
4089,1.8
4090,1.7
4091,2.2
4092,2
4093,2.5
4094,2.9
4095,3.2
4096,3.2
4097,3.4
4098,3.5
4099,3.4
4100,3.1
4101,2.6
4102,4
4103,4.4
4104,2.5
4105,3.3
4106,2.2
4107,1.8
4108,1.6
4109,1.2
4110,1.5
4111,1.2
4112,1.6
4113,1.7
4114,2
4115,4.5
4116,4.8
4117,5.4
4118,4.6
4119,3.6
4120,3.3
4121,3.7
4122,3.2
4123,3.8
4124,3.9
4125,3.1
4126,3.9
4127,3.8
4128,3.9
4129,2.2
4130,2.3
4131,1.7
4132,1.7
4133,1.5
4134,1.3
4135,2.1
4136,2.1
4137,2.1
4138,2.1
4139,2.1
4140,2.2
4141,2.8
4142,2.8
4143,3
4144,3.1
4145,3.2
4146,3.2
4147,3.6
4148,3.8
4149,4.2
4150,3.5
4151,3.1
4152,4
4153,2.7
4154,1.8
4155,2
4156,1.7
4157,1.7
4158,1.6
4159,1.3
4160,2.1
4161,2.4
4162,2.4
4163,2.1
4164,2.9
4165,2.5
4166,2.8
4167,3.1
4168,3.1
4169,3.3
4170,3.8
4171,5.4
4172,5.8
4173,3.9
4174,3.7
4175,3.2
4176,2.5
4177,2.4
4178,2.1
4179,2
4180,1.8
4181,1.4
4182,1.5
4183,1.6
4184,1.8
4185,2.3
4186,2.5
4187,2.8
4188,2.9
4189,3
4190,3.1
4191,3.6
4192,4.1
4193,4.5
4194,4.1
4195,4.9
4196,4.1
4197,4
4198,3.3
4199,3.8
4200,3.7
4201,3.3
4202,3
4203,2.1
4204,1.8
4205,1.8
4206,1.8
4207,2
4208,2.5
4209,2.5
4210,2.3
4211,2.4
4212,2.7
4213,3.3
4214,4.6
4215,3.8
4216,5
4217,4.2
4218,5.2
4219,3.7
4220,4
4221,4.4
4222,4.2
4223,3.7
4224,3.4
4225,3.2
4226,2.3
4227,2.1
4228,2.1
4229,1.7
4230,1.7
4231,2.1
4232,2.8
4233,3
4234,3
4235,2.5
4236,2.6
4237,3
4238,3.8
4239,3.9
4240,3.8
4241,3.6
4242,3.3
4243,5.2
4244,3.4
4245,4
4246,4.7
4247,4
4248,3.3
4249,2.8
4250,2.5
4251,2.4
4252,2.3
4253,2.2
4254,2.2
4255,2
4256,2.1
4257,2.7
4258,2.2
4259,2.4
4260,3
4261,3.2
4262,3.4
4263,3.5
4264,3.7
4265,4.1
4266,4.6
4267,3.4
4268,3.4
4269,3.7
4270,3.1
4271,3
4272,2.6
4273,2.1
4274,2
4275,1.5
4276,1.8
4277,1.5
4278,1.9
4279,1.9
4280,1.4
4281,2.2
4282,2.4
4283,3.7
4284,2.9
4285,3.3
4286,3.4
4287,3.6
4288,3.8
4289,3.8
4290,3.7
4291,3.6
4292,3.3
4293,3.1
4294,2.7
4295,4.2
4296,3.6
4297,2.7
4298,2.6
4299,2.2
4300,2.2
4301,2.1
4302,2.2
4303,1.9
4304,2.2
4305,2.9
4306,2.8
4307,2.8
4308,2.8
4309,2.9
4310,3.4
4311,3.5
4312,3.6
4313,3.6
4314,3.9
4315,4.7
4316,4.2
4317,3.8
4318,3.4
4319,3.5
4320,3
4321,2.6
4322,2.3
4323,2.4
4324,2
4325,1.9
4326,1.8
4327,1.9
4328,2.4
4329,2.4
4330,2.3
4331,2.4
4332,2.6
4333,3
4334,3
4335,3
4336,3.1
4337,3.5
4338,3.4
4339,3.1
4340,4.2
4341,4.6
4342,3.4
4343,5.4
4344,5.3
4345,2.5
4346,2.3
4347,2.3
4348,2.1
4349,1.9
4350,1.7
4351,1.9
4352,2
4353,2.1
4354,2.6
4355,2.3
4356,2.5
4357,2.6
4358,2.9
4359,3.4
4360,3.2
4361,3.2
4362,3.4
4363,3.6
4364,3.4
4365,2.9
4366,2.8
4367,3.2
4368,3
4369,2.6
4370,2.4
4371,2.1
4372,2
4373,1.9
4374,1.8
4375,1.7
4376,2.3
4377,2.8
4378,2.5
4379,2.4
4380,2.5
4381,2.8
4382,3.2
4383,3.5
4384,3.3
4385,3.3
4386,3.7
4387,3.3
4388,3.3
4389,3.4
4390,3.1
4391,4.1
4392,5
4393,4.5
4394,4.4
4395,2.4
4396,2.2
4397,2.1
4398,2.1
4399,1.9
4400,2
4401,2.2
4402,3.8
4403,3.2
4404,2.9
4405,2.8
4406,2.8
4407,2.5
4408,3.1
4409,3.1
4410,2.9
4411,3.4
4412,2.7
4413,2.7
4414,2.6
4415,3
4416,2.3
4417,2.5
4418,1.9
4419,1.9
4420,1.9
4421,1.6
4422,1.6
4423,1.6
4424,1.7
4425,1.9
4426,2.2
4427,2.5
4428,3
4429,2.9
4430,3.6
4431,3.8
4432,5
4433,5.2
4434,4
4435,3.5
4436,3.4
4437,3
4438,3
4439,2.9
4440,3
4441,2.9
4442,2.4
4443,2.2
4444,2.1
4445,2
4446,2
4447,1.8
4448,1.9
4449,3.4
4450,2.6
4451,3.4
4452,4.6
4453,5.4
4454,4.8
4455,4.9
4456,4.2
4457,3
4458,3
4459,3.1
4460,2.7
4461,2.7
4462,3.3
4463,4.7
4464,2.9
4465,2.8
4466,1.7
4467,2.1
4468,1.4
4469,1.6
4470,1.4
4471,1.4
4472,1.5
4473,1.8
4474,2.2
4475,2.3
4476,2.8
4477,3
4478,2.8
4479,3.4
4480,3.3
4481,3.7
4482,3.5
4483,3.9
4484,4.5
4485,3.2
4486,3.2
4487,2.8
4488,2.6
4489,2.7
4490,2.6
4491,2.2
4492,1.9
4493,1.8
4494,1.4
4495,1.8
4496,2
4497,2.2
4498,2.4
4499,3.5
4500,3.1
4501,3.7
4502,3.7
4503,3.9
4504,4.5
4505,5
4506,4.3
4507,4.3
4508,3.8
4509,3.2
4510,3.2
4511,3.1
4512,3.5
4513,2.9
4514,2.7
4515,1.9
4516,1.5
4517,1.6
4518,1.7
4519,1.8
4520,1.9
4521,2.3
4522,2.6
4523,2.4
4524,3.4
4525,3.5
4526,4
4527,4
4528,3.9
4529,4
4530,4.3
4531,6.1
4532,5.1
4533,4.6
4534,4.5
4535,5.2
4536,5.9
4537,2.8
4538,2.1
4539,1.7
4540,1.8
4541,1.8
4542,1.7
4543,1.5
4544,2.5
4545,2.4
4546,2.1
4547,2
4548,2.4
4549,2.8
4550,3
4551,3.1
4552,2.9
4553,3.4
4554,3.4
4555,2.7
4556,3.3
4557,5.1
4558,3
4559,2.5
4560,2.4
4561,2.4
4562,1.8
4563,1.2
4564,1.2
4565,1
4566,0.9
4567,1.2
4568,1.4
4569,1.5
4570,1.7
4571,1.7
4572,2.4
4573,2.4
4574,2.7
4575,2.7
4576,3
4577,3
4578,3.7
4579,3.6
4580,3.2
4581,3.7
4582,3.3
4583,3.9
4584,4.2
4585,2.9
4586,2.3
4587,2.1
4588,1.9
4589,1.6
4590,2.2
4591,2.4
4592,1.9
4593,1.9
4594,2.2
4595,3.1
4596,3.2
4597,6
4598,4.8
4599,4.7
4600,4.3
4601,5.8
4602,3.5
4603,3.8
4604,3.1
4605,3.5
4606,3.3
4607,3.5
4608,3.6
4609,2.7
4610,2.2
4611,1.9
4612,1.8
4613,1.4
4614,1.7
4615,1.4
4616,1.9
4617,1.8
4618,2.5
4619,2.9
4620,3.4
4621,3.8
4622,4
4623,4.1
4624,4.6
4625,4.6
4626,4.5
4627,4.5
4628,3.8
4629,2.9
4630,3
4631,2.7
4632,2.9
4633,2.8
4634,2.4
4635,2.3
4636,2.6
4637,1.8
4638,1.6
4639,1.6
4640,2.1
4641,1.8
4642,2
4643,2
4644,2.4
4645,2.8
4646,3.3
4647,4
4648,4.3
4649,4.2
4650,4.9
4651,4.6
4652,5.5
4653,3.5
4654,4
4655,4.1
4656,3.5
4657,3.6
4658,2.8
4659,2.6
4660,2.2
4661,2.1
4662,1.9
4663,1.9
4664,2.2
4665,1.9
4666,2.6
4667,2.2
4668,3
4669,2.9
4670,3.7
4671,3.8
4672,3.7
4673,3.9
4674,4.2
4675,4.6
4676,4.5
4677,4.4
4678,4.4
4679,3.7
4680,3.5
4681,3.4
4682,2.9
4683,2.2
4684,2.1
4685,2.1
4686,1.8
4687,1.8
4688,2.1
4689,2.7
4690,2.4
4691,2.4
4692,2.9
4693,3.4
4694,3.4
4695,3.5
4696,3.8
4697,3.7
4698,4.2
4699,6.2
4700,4.7
4701,4
4702,4.2
4703,5.4
4704,5.4
4705,2.8
4706,2.6
4707,2.5
4708,2.2
4709,2.1
4710,2
4711,1.9
4712,2.2
4713,2.5
4714,2.7
4715,2.6
4716,3
4717,3
4718,3.4
4719,4.1
4720,4.3
4721,4
4722,3.7
4723,4.9
4724,3.9
4725,3.6
4726,4.3
4727,3.6
4728,3.5
4729,3.1
4730,3.1
4731,2.8
4732,2.8
4733,2
4734,1.9
4735,1.9
4736,1.8
4737,2.8
4738,2.8
4739,2.5
4740,2.4
4741,2.7
4742,3.2
4743,3.1
4744,3.6
4745,4.1
4746,5.2
4747,4.1
4748,3.5
4749,3.4
4750,3.5
4751,2.8
4752,2.5
4753,2.6
4754,2.4
4755,2
4756,1.9
4757,1.7
4758,1.6
4759,1.5
4760,1.8
4761,2
4762,2
4763,2.2
4764,4.4
4765,4.7
4766,4.9
4767,3.6
4768,4.3
4769,4.7
4770,3.5
4771,3.3
4772,2.2
4773,2.3
4774,2.8
4775,2.3
4776,1.8
4777,1.6
4778,2
4779,1.7
4780,2.1
4781,1.7
4782,1.5
4783,1.9
4784,1.8
4785,1.9
4786,2.4
4787,3.6
4788,2.8
4789,3.3
4790,3.4
4791,3.7
4792,3.7
4793,3.8
4794,4.6
4795,5.7
4796,4.2
4797,3.8
4798,3.7
4799,4.5
4800,4
4801,3.2
4802,2.4
4803,2.2
4804,2.1
4805,1.6
4806,1.6
4807,1.3
4808,1.6
4809,1.7
4810,2
4811,2.3
4812,2.2
4813,2.6
4814,2.8
4815,3.1
4816,3.7
4817,4.4
4818,4.6
4819,5.7
4820,3.9
4821,3.1
4822,3.5
4823,3.6
4824,2.9
4825,2.7
4826,2.6
4827,2.6
4828,2.6
4829,2.1
4830,2.4
4831,2.2
4832,2.1
4833,2.5
4834,2.6
4835,2.8
4836,2.6
4837,3
4838,3.3
4839,3.4
4840,4.1
4841,4.3
4842,3.7
4843,4.1
4844,3.7
4845,5.1
4846,4.9
4847,3.7
4848,4.6
4849,4.3
4850,3.3
4851,2.1
4852,1.9
4853,1.7
4854,1.3
4855,1.7
4856,1.9
4857,2.1
4858,2.3
4859,2.2
4860,2.3
4861,3.6
4862,3.5
4863,3.7
4864,3.6
4865,3.5
4866,3.9
4867,4.5
4868,4.2
4869,2.9
4870,2.8
4871,4.1
4872,2.5
4873,2.3
4874,2.1
4875,2.1
4876,1.7
4877,1.3
4878,1.5
4879,1.5
4880,1.7
4881,2
4882,2.3
4883,3
4884,3
4885,3.1
4886,3.3
4887,3.3
4888,3.9
4889,4
4890,3.6
4891,3.4
4892,3.6
4893,2.8
4894,3.3
4895,4.1
4896,2.6
4897,2.4
4898,1.8
4899,2.1
4900,1.8
4901,1.8
4902,1.8
4903,1.8
4904,2.8
4905,2
4906,2.1
4907,2.2
4908,2.2
4909,2.3
4910,2.8
4911,3.1
4912,3.4
4913,3.2
4914,3.5
4915,2.8
4916,3.1
4917,2.8
4918,2.8
4919,2.4
4920,3.2
4921,2.2
4922,1.9
4923,1.8
4924,1.8
4925,1.3
4926,1.7
4927,1.6
4928,1.6
4929,2.2
4930,2.4
4931,3.4
4932,3
4933,3.4
4934,3.3
4935,4
4936,3.5
4937,3.6
4938,3.9
4939,4.1
4940,4.6
4941,4.1
4942,3.5
4943,3.4
4944,2.7
4945,2.3
4946,2.2
4947,2
4948,1.9
4949,1.5
4950,1.8
4951,1.7
4952,1.5
4953,2.3
4954,2.4
4955,3
4956,3.1
4957,3.6
4958,3.8
4959,5.3
4960,5.1
4961,4.1
4962,4.2
4963,4.4
4964,4.4
4965,3.8
4966,3.4
4967,3.3
4968,3.2
4969,2.5
4970,2.2
4971,2
4972,2
4973,1.8
4974,1.7
4975,1.8
4976,2.1
4977,2.8
4978,2.6
4979,2.8
4980,2.8
4981,3.7
4982,3.6
4983,2.9
4984,3.6
4985,3.9
4986,3.6
4987,3.4
4988,3.2
4989,3.6
4990,3.2
4991,2.8
4992,2.2
4993,2
4994,2
4995,1.9
4996,1.8
4997,1.5
4998,1.7
4999,1.5
5000,2.1
5001,2.3
5002,2.1
5003,2.3
5004,2.4
5005,2.3
5006,2.6
5007,2.8
5008,2.8
5009,3
5010,2.8
5011,4
5012,3.6
5013,4.1
5014,3.2
5015,3.1
5016,2.5
5017,2.5
5018,2.2
5019,2
5020,2
5021,1.9
5022,1.8
5023,1.5
5024,1.7
5025,1.9
5026,1.9
5027,2.1
5028,2.1
5029,2.2
5030,2.4
5031,2.6
5032,3
5033,2.9
5034,3
5035,5.3
5036,4.7
5037,2.7
5038,2.4
5039,4.3
5040,3.6
5041,2.1
5042,2
5043,1.9
5044,1.7
5045,1.6
5046,1.8
5047,1.3
5048,2.3
5049,2.2
5050,2.4
5051,2.2
5052,2.7
5053,2.6
5054,2.7
5055,2.9
5056,3.2
5057,3.2
5058,3.2
5059,3.3
5060,3.9
5061,5.1
5062,3.5
5063,3.2
5064,2.4
5065,2.3
5066,2
5067,2.1
5068,1.8
5069,1.6
5070,1.7
5071,1.7
5072,1.9
5073,2
5074,2.5
5075,2.6
5076,2.5
5077,2.8
5078,3.1
5079,3.3
5080,3.6
5081,2.9
5082,2.5
5083,2.4
5084,2.2
5085,2.6
5086,2.3
5087,2.2
5088,2.3
5089,2.3
5090,1.8
5091,1.5
5092,1.4
5093,1.6
5094,1.3
5095,1.3
5096,1.5
5097,1.4
5098,1.9
5099,2.3
5100,3.7
5101,3.9
5102,4
5103,4.2
5104,4
5105,4
5106,4
5107,3.6
5108,3.8
5109,3.8
5110,3.7
5111,2.9
5112,2.7
5113,2.3
5114,2.3
5115,1.9
5116,1.7
5117,1.8
5118,1.7
5119,1.8
5120,2
5121,2.1
5122,2.4
5123,2.5
5124,2.8
5125,3.2
5126,3.5
5127,3.4
5128,3.9
5129,3.8
5130,3.5
5131,3.6
5132,3.8
5133,5.1
5134,4.8
5135,3.9
5136,2.6
5137,2
5138,2.2
5139,1.7
5140,2
5141,1.7
5142,1.6
5143,1.6
5144,2.4
5145,1.9
5146,2.4
5147,2.4
5148,2.5
5149,2.8
5150,3.1
5151,3.2
5152,3.8
5153,4
5154,4.6
5155,4.9
5156,4.6
5157,3.8
5158,4.1
5159,4.2
5160,3.6
5161,3.3
5162,2.7
5163,2.2
5164,2
5165,1.9
5166,1.7
5167,1.4
5168,2.5
5169,2.4
5170,2.7
5171,3.1
5172,3.3
5173,3.5
5174,3.6
5175,3.3
5176,3.9
5177,4.3
5178,4.7
5179,4.6
5180,4.1
5181,4.2
5182,3.8
5183,3.3
5184,3.2
5185,2.2
5186,2.2
5187,1.7
5188,1.8
5189,1.8
5190,1.5
5191,1.6
5192,2.2
5193,2.4
5194,2.2
5195,2.9
5196,2.9
5197,3
5198,3.7
5199,3.7
5200,4.3
5201,4.2
5202,4.4
5203,4
5204,3.8
5205,3.4
5206,3.5
5207,5.8
5208,4.1
5209,4.1
5210,2.1
5211,2.3
5212,2.1
5213,2.1
5214,1.9
5215,1.8
5216,3.1
5217,3.1
5218,2.8
5219,2.8
5220,2.9
5221,2.9
5222,3.8
5223,3.6
5224,3.8
5225,4.3
5226,3.9
5227,4.3
5228,3.6
5229,3.2
5230,3
5231,3
5232,2.5
5233,2.1
5234,1.9
5235,1.8
5236,1.8
5237,1.7
5238,1.6
5239,1.5
5240,1.8
5241,1.8
5242,2.2
5243,3.2
5244,2.3
5245,2.9
5246,3.5
5247,3.1
5248,3.9
5249,4.5
5250,4
5251,3.5
5252,3
5253,3.7
5254,2.9
5255,3.4
5256,4.8
5257,3.8
5258,1.7
5259,1.6
5260,1.7
5261,1.6
5262,1.8
5263,2.2
5264,1.6
5265,1.7
5266,2.2
5267,2.6
5268,3
5269,4.3
5270,4.5
5271,3.6
5272,3.2
5273,3.9
5274,4.2
5275,3.3
5276,3.4
5277,2.9
5278,3.2
5279,3
5280,2.4
5281,2.4
5282,1.9
5283,2
5284,2
5285,1.7
5286,1.4
5287,1.7
5288,1.8
5289,1.9
5290,2
5291,2.5
5292,3.6
5293,4.4
5294,4.1
5295,3.9
5296,4.1
5297,3.9
5298,3.3
5299,3.2
5300,3.2
5301,3.3
5302,2.9
5303,2.7
5304,2.4
5305,2.2
5306,1.9
5307,1.6
5308,1.7
5309,1.8
5310,1.2
5311,1.6
5312,1.3
5313,1.7
5314,2.4
5315,2.9
5316,3.3
5317,3
5318,3
5319,3.2
5320,3.4
5321,3.3
5322,4.6
5323,5.4
5324,4.8
5325,3.9
5326,4.4
5327,4
5328,3.1
5329,3.7
5330,2.1
5331,2
5332,1.7
5333,1.8
5334,1.7
5335,1.7
5336,2.4
5337,2
5338,2
5339,2.4
5340,2.4
5341,2
5342,2.2
5343,2.2
5344,2.1
5345,2.6
5346,3.3
5347,3.1
5348,3.5
5349,3.3
5350,3.1
5351,0
5352,0
5353,2.3
5354,1.6
5355,1.4
5356,1.3
5357,0.9
5358,1
5359,1.2
5360,0.9
5361,1.4
5362,1.8
5363,2.8
5364,3
5365,3.4
5366,3.3
5367,3.2
5368,3.3
5369,3.6
5370,4.3
5371,3.8
5372,3.8
5373,3.4
5374,3.2
5375,3.2
5376,5.2
5377,3.1
5378,2.2
5379,2.1
5380,1.7
5381,1.4
5382,1.8
5383,1.9
5384,1.9
5385,2.1
5386,3
5387,3
5388,3.8
5389,3.7
5390,4.8
5391,4.9
5392,4.7
5393,5
5394,4.8
5395,5.6
5396,4.3
5397,3.9
5398,3.9
5399,3.8
5400,3
5401,2.7
5402,2.2
5403,2.1
5404,2.1
5405,1.8
5406,1.8
5407,1.4
5408,2
5409,2
5410,2.3
5411,2.9
5412,3.5
5413,3.5
5414,3.6
5415,3.8
5416,4.6
5417,4.6
5418,4.2
5419,4.3
5420,3.7
5421,6.2
5422,4.5
5423,4.3
5424,4.1
5425,3.6
5426,2.6
5427,2.4
5428,2.3
5429,2.2
5430,2.1
5431,2.1
5432,2.2
5433,2.9
5434,3.7
5435,5.5
5436,3.6
5437,4.3
5438,6.1
5439,5.8
5440,5.5
5441,6
5442,5.7
5443,6.3
5444,4.2
5445,4
5446,3.4
5447,4
5448,5.1
5449,4
5450,3.2
5451,2.8
5452,2.7
5453,2.8
5454,2.2
5455,2.5
5456,2.7
5457,3.6
5458,3.4
5459,3.3
5460,3.7
5461,1.9
5462,4.5
5463,4.3
5464,4
5465,4.5
5466,4.2
5467,4.9
5468,4.8
5469,4.6
5470,4.1
5471,4.6
5472,5.4
5473,4.2
5474,3.9
5475,3.6
5476,2.9
5477,2.7
5478,2.8
5479,2.7
5480,3.4
5481,2.9
5482,3.3
5483,3.6
5484,4.5
5485,4.9
5486,5.8
5487,2.6
5488,3.3
5489,4.4
5490,5.2
5491,4.2
5492,4.2
5493,3.9
5494,4
5495,3.4
5496,3.4
5497,3.1
5498,2.4
5499,2.1
5500,1.8
5501,1.8
5502,1.8
5503,1.5
5504,2
5505,1.8
5506,2.2
5507,2.4
5508,3.6
5509,3.6
5510,5.1
5511,4.5
5512,3.2
5513,3.6
5514,5.8
5515,5
5516,4.6
5517,4
5518,3.1
5519,3.1
5520,3.5
5521,2.4
5522,2.3
5523,2.2
5524,1.9
5525,1.5
5526,1.9
5527,1.8
5528,1.9
5529,2.2
5530,3.2
5531,2.5
5532,2.8
5533,3
5534,3.8
5535,3.5
5536,4.4
5537,3.6
5538,4.1
5539,4.3
5540,4.6
5541,3.8
5542,3.6
5543,5.6
5544,4.5
5545,2.7
5546,2.8
5547,2.7
5548,2.3
5549,2.2
5550,2.1
5551,2.1
5552,2.2
5553,5.5
5554,5.1
5555,3.9
5556,7.1
5557,6.4
5558,4.4
5559,4.3
5560,5
5561,4.4
5562,5.2
5563,5.5
5564,4.9
5565,4.6
5566,3.8
5567,4.4
5568,3.5
5569,2.7
5570,2.6
5571,2.5
5572,2.3
5573,2.2
5574,1.9
5575,2
5576,2
5577,1.9
5578,2.8
5579,3.9
5580,4
5581,3.8
5582,4
5583,4.8
5584,4.6
5585,4.7
5586,3.4
5587,5.2
5588,5.6
5589,5.8
5590,5.4
5591,4.6
5592,3.9
5593,3.4
5594,2.9
5595,2.8
5596,2.4
5597,2.3
5598,2.2
5599,2.1
5600,2.4
5601,2.8
5602,3.1
5603,3.3
5604,4
5605,4.2
5606,4.5
5607,6
5608,6.2
5609,6.5
5610,7.2
5611,4.4
5612,3.7
5613,3.2
5614,3.2
5615,2.6
5616,2.6
5617,2.8
5618,3
5619,1.6
5620,1.5
5621,1.6
5622,1.7
5623,1.5
5624,1.8
5625,1.6
5626,2.1
5627,2.2
5628,2.3
5629,2.8
5630,3.4
5631,3.6
5632,3.8
5633,3.8
5634,4.1
5635,3.6
5636,3.6
5637,2.7
5638,4.3
5639,5
5640,3
5641,2.9
5642,2.6
5643,2.7
5644,2.1
5645,1.9
5646,1.7
5647,1.7
5648,1.9
5649,1.8
5650,2.6
5651,2.8
5652,3.1
5653,3.6
5654,3.6
5655,3.6
5656,4
5657,3.8
5658,4.1
5659,4
5660,3.8
5661,3.7
5662,3.5
5663,3.6
5664,3.2
5665,3
5666,3
5667,2.8
5668,2.2
5669,1.9
5670,1.8
5671,1.8
5672,2
5673,2.2
5674,2.2
5675,2.4
5676,2.7
5677,3.4
5678,3.6
5679,3.8
5680,3.2
5681,3.4
5682,3.4
5683,3.2
5684,3.8
5685,3
5686,2.5
5687,2.3
5688,2.4
5689,2
5690,1.4
5691,1.6
5692,1.2
5693,1.2
5694,1.2
5695,1.2
5696,1.3
5697,2.1
5698,2.3
5699,2.8
5700,2.8
5701,2.5
5702,3.1
5703,3.6
5704,3.7
5705,4
5706,4.2
5707,4.2
5708,3.9
5709,3.5
5710,3.7
5711,4.2
5712,3.4
5713,5.4
5714,3
5715,2.4
5716,2.5
5717,1.9
5718,2
5719,2
5720,2.3
5721,3.1
5722,2.8
5723,3.1
5724,3.6
5725,3.4
5726,3.7
5727,4.3
5728,3.9
5729,3.2
5730,2.6
5731,2.8
5732,3
5733,2.4
5734,2.8
5735,2.6
5736,2.4
5737,2.4
5738,1.9
5739,1.8
5740,1.2
5741,1.4
5742,1.2
5743,1.2
5744,1.6
5745,1.6
5746,1.8
5747,4.4
5748,2.9
5749,2.8
5750,2.8
5751,3.2
5752,4.1
5753,5.3
5754,4.9
5755,3.6
5756,3.8
5757,3.4
5758,4.3
5759,3.8
5760,3.4
5761,3.3
5762,2.1
5763,2
5764,1.9
5765,1.6
5766,1.6
5767,1.5
5768,2.2
5769,2.2
5770,2.7
5771,3.6
5772,5.4
5773,5.5
5774,5.7
5775,5.4
5776,5.2
5777,5.8
5778,4.9
5779,3.7
5780,3.5
5781,2.9
5782,2.3
5783,2.5
5784,2.6
5785,2.6
5786,3.1
5787,2.4
5788,1.6
5789,1.7
5790,1.4
5791,1.5
5792,1.8
5793,1.7
5794,2.6
5795,2.8
5796,2.8
5797,2.9
5798,4.2
5799,3.6
5800,4.4
5801,4.5
5802,4.6
5803,5.7
5804,3.5
5805,3.9
5806,3.1
5807,3.4
5808,3.4
5809,2.8
5810,2.5
5811,2
5812,1.8
5813,1.6
5814,1.5
5815,1.6
5816,1.8
5817,1.9
5818,2.3
5819,3.2
5820,2.5
5821,3.3
5822,3.4
5823,3.5
5824,2.8
5825,3.2
5826,3.7
5827,3.3
5828,3.5
5829,2.8
5830,3.2
5831,3
5832,3.9
5833,2.2
5834,1.9
5835,1.2
5836,1.4
5837,1
5838,1
5839,1
5840,1.2
5841,2
5842,1.8
5843,1.7
5844,2.1
5845,2.2
5846,2.7
5847,2.9
5848,2.3
5849,2.6
5850,2.3
5851,2.4
5852,3
5853,3.7
5854,2.9
5855,4.6
5856,2.5
5857,2.6
5858,2
5859,1.7
5860,1.5
5861,1.6
5862,1.4
5863,1.3
5864,1.7
5865,2.2
5866,2.3
5867,2.7
5868,2.5
5869,2.4
5870,2.4
5871,2.8
5872,3.1
5873,3.3
5874,2.4
5875,2
5876,2.6
5877,3.2
5878,2.9
5879,2.3
5880,2.7
5881,2.7
5882,2.1
5883,2
5884,1.7
5885,1.4
5886,1.6
5887,1.3
5888,1.5
5889,1.9
5890,1.8
5891,1.8
5892,1.8
5893,2.4
5894,2.2
5895,2.4
5896,2.5
5897,2.3
5898,2.6
5899,2.4
5900,2.6
5901,3.6
5902,2.4
5903,2.2
5904,2.2
5905,1.4
5906,1.4
5907,1.3
5908,1.3
5909,1.2
5910,0.8
5911,1.3
5912,1.4
5913,1.6
5914,1.9
5915,1.9
5916,1.9
5917,2.1
5918,2.7
5919,2.4
5920,2.9
5921,2.4
5922,2.4
5923,2.5
5924,2.4
5925,1.9
5926,2.2
5927,2.6
5928,2.7
5929,2.2
5930,2.1
5931,1.8
5932,1.4
5933,1.6
5934,1.4
5935,1.5
5936,1.1
5937,1.6
5938,1.4
5939,2.3
5940,2.4
5941,2.6
5942,3.2
5943,3.5
5944,2.7
5945,2.4
5946,2.6
5947,1.9
5948,2.5
5949,2.6
5950,2
5951,5.1
5952,2.3
5953,2.5
5954,2.8
5955,2.1
5956,2.2
5957,1.8
5958,1.7
5959,1.6
5960,1.8
5961,1.9
5962,2
5963,2.4
5964,2.4
5965,3.4
5966,4.8
5967,4.5
5968,5.4
5969,4.6
5970,4.1
5971,3.4
5972,4.5
5973,2.6
5974,2.6
5975,3.8
5976,3
5977,2
5978,1.7
5979,1.8
5980,1.4
5981,1.5
5982,1.2
5983,1.2
5984,1.2
5985,1.2
5986,1.5
5987,2.1
5988,2.5
5989,3.5
5990,4
5991,2.8
5992,2.2
5993,2.4
5994,2.8
5995,2.6
5996,2.9
5997,2.6
5998,2.6
5999,2.6
6000,2.6
6001,1.8
6002,1.6
6003,1.5
6004,1.4
6005,1.3
6006,1.4
6007,1.2
6008,1.2
6009,1.4
6010,1.8
6011,1.9
6012,2.2
6013,2.4
6014,2.5
6015,2.8
6016,2.4
6017,2.6
6018,3
6019,3.6
6020,3.2
6021,3.4
6022,3.4
6023,2.9
6024,2.8
6025,3.2
6026,2.8
6027,2.4
6028,2.1
6029,1.9
6030,1.8
6031,1.7
6032,1.6
6033,2.1
6034,1.9
6035,2.3
6036,2.2
6037,2.2
6038,2.5
6039,2.5
6040,2.5
6041,2.6
6042,2.7
6043,2.5
6044,2.2
6045,2.8
6046,3.1
6047,4.2
6048,2.6
6049,2
6050,2.2
6051,2
6052,1.6
6053,1.1
6054,1.4
6055,1.2
6056,1.8
6057,1.9
6058,1.8
6059,0.7
6060,1.2
6061,1.6
6062,1.8
6063,1.7
6064,1.5
6065,1.6
6066,1.8
6067,1.8
6068,1.5
6069,2
6070,2.5
6071,1.9
6072,1.8
6073,1.7
6074,1
6075,0.8
6076,0.6
6077,0.7
6078,0.6
6079,0.5
6080,0.8
6081,1.4
6082,2.2
6083,2.4
6084,2.2
6085,2.2
6086,2.7
6087,2.9
6088,3.3
6089,3.4
6090,4.4
6091,3.8
6092,3.1
6093,3.4
6094,3.1
6095,5.2
6096,4.7
6097,2.6
6098,2.3
6099,1.8
6100,1.9
6101,1.7
6102,1.7
6103,1.7
6104,1.7
6105,2.3
6106,2.5
6107,2.6
6108,2.6
6109,3.8
6110,3.6
6111,4.2
6112,5.8
6113,4.2
6114,4.5
6115,4.2
6116,4.6
6117,3.8
6118,5.1
6119,5.2
6120,5.7
6121,4.8
6122,4.1
6123,1.7
6124,1.2
6125,1.4
6126,1.6
6127,1.4
6128,1.5
6129,1.8
6130,1.6
6131,2.6
6132,2.7
6133,3
6134,3.5
6135,3.5
6136,3.5
6137,4.2
6138,4.6
6139,3.6
6140,3.4
6141,5.3
6142,5.1
6143,4.6
6144,4.7
6145,3.9
6146,2.6
6147,1.8
6148,1.6
6149,1.6
6150,1.2
6151,1.6
6152,1.5
6153,2.4
6154,3
6155,2.1
6156,2.2
6157,3
6158,3.2
6159,3.2
6160,3.5
6161,3.9
6162,4.3
6163,3.8
6164,3.5
6165,3.9
6166,2.9
6167,2.4
6168,2
6169,1.6
6170,1
6171,1.1
6172,1.3
6173,0.9
6174,1
6175,1
6176,0.8
6177,1.1
6178,1.6
6179,1.6
6180,1.9
6181,1.8
6182,2.3
6183,2.8
6184,2.2
6185,2.5
6186,2.3
6187,2.5
6188,2.2
6189,2.2
6190,2.3
6191,2.4
6192,2.3
6193,2
6194,1.4
6195,1.3
6196,1.1
6197,1.2
6198,0.9
6199,1
6200,1.1
6201,1.7
6202,1.6
6203,2
6204,2.3
6205,2.1
6206,2.4
6207,2.3
6208,2.6
6209,2.6
6210,3.6
6211,3.6
6212,2.3
6213,2.3
6214,1.8
6215,2.3
6216,2.5
6217,2.2
6218,1.6
6219,1.8
6220,1.3
6221,0.9
6222,1.1
6223,1.1
6224,1.1
6225,1.4
6226,1.5
6227,2.2
6228,2.2
6229,2.1
6230,2.6
6231,2.4
6232,2.8
6233,3.9
6234,3.2
6235,3.7
6236,3.8
6237,3.1
6238,2.5
6239,3.4
6240,3.6
6241,2.3
6242,1.5
6243,1.3
6244,1.2
6245,0.9
6246,1.2
6247,0.8
6248,0.9
6249,1.3
6250,1.5
6251,2.4
6252,2.4
6253,2.2
6254,2.8
6255,2.8
6256,3.4
6257,3.3
6258,2.9
6259,3.7
6260,3.5
6261,3.2
6262,2.6
6263,2.8
6264,2.3
6265,2
6266,1.5
6267,1.3
6268,1.2
6269,0.9
6270,1.1
6271,0.8
6272,0.9
6273,1.5
6274,1.6
6275,1.8
6276,1.9
6277,2.1
6278,2.2
6279,2.5
6280,2.9
6281,3.1
6282,2.8
6283,2.7
6284,2.7
6285,2.6
6286,2.8
6287,2.5
6288,2.6
6289,2.7
6290,2.1
6291,1.8
6292,1.4
6293,1.6
6294,1.3
6295,1.3
6296,1.4
6297,1.6
6298,1.9
6299,2.4
6300,2.9
6301,3.1
6302,3
6303,3
6304,3.1
6305,3.5
6306,3.6
6307,4.5
6308,2.9
6309,3.7
6310,3.5
6311,4
6312,4.5
6313,3.1
6314,2.9
6315,1.7
6316,1.6
6317,1.6
6318,1.8
6319,1.5
6320,1.7
6321,1.9
6322,2.2
6323,2.3
6324,2
6325,2.2
6326,2
6327,2.3
6328,2.2
6329,1.8
6330,2.3
6331,3.6
6332,3.5
6333,1.8
6334,2
6335,3
6336,2.4
6337,2.7
6338,1.9
6339,1.2
6340,1.3
6341,0.9
6342,1.2
6343,1.1
6344,0.9
6345,1.6
6346,1.3
6347,1.9
6348,1.5
6349,2.1
6350,1.8
6351,2.1
6352,2.1
6353,2.1
6354,2
6355,2.1
6356,2.4
6357,3
6358,2.2
6359,2.8
6360,2.6
6361,4.7
6362,2.3
6363,1.9
6364,1.6
6365,1.2
6366,1.1
6367,0.9
6368,0.9
6369,1.8
6370,3.2
6371,3.5
6372,2
6373,2
6374,2.5
6375,2.6
6376,1.6
6377,2.4
6378,3
6379,2.9
6380,3.3
6381,3.4
6382,2.9
6383,2.5
6384,2.3
6385,2.3
6386,2
6387,1.2
6388,1.3
6389,0.9
6390,0.9
6391,0.6
6392,1.3
6393,1.7
6394,1.7
6395,1.7
6396,1.8
6397,2.1
6398,2.5
6399,2.6
6400,2.9
6401,3.1
6402,3
6403,3
6404,2.8
6405,2.6
6406,2.5
6407,2.3
6408,1.9
6409,2
6410,2.8
6411,1.9
6412,1.8
6413,1.3
6414,1.6
6415,1.3
6416,1.7
6417,1.8
6418,2.3
6419,2.4
6420,2.2
6421,2.8
6422,2.8
6423,3.8
6424,3.8
6425,3.5
6426,3.7
6427,3.3
6428,3.3
6429,3.2
6430,2.6
6431,2.7
6432,2.6
6433,3.4
6434,2.3
6435,2
6436,1.7
6437,1.6
6438,1.4
6439,1.2
6440,1.3
6441,1.8
6442,1.7
6443,2.9
6444,3.1
6445,2.8
6446,3.4
6447,3
6448,4
6449,4.8
6450,4.6
6451,3.9
6452,5
6453,3.4
6454,2.6
6455,3.7
6456,2.7
6457,1.7
6458,1.4
6459,1.4
6460,1.4
6461,1.2
6462,0.9
6463,0.9
6464,0.8
6465,1.2
6466,1.7
6467,3.4
6468,2.4
6469,3.9
6470,4.4
6471,4.2
6472,5.1
6473,3.8
6474,3.8
6475,3
6476,2.8
6477,2.5
6478,2.5
6479,1.9
6480,2.1
6481,1.9
6482,1.3
6483,1.2
6484,1.2
6485,1.1
6486,0.9
6487,0.9
6488,0.9
6489,1.2
6490,1.3
6491,1.6
6492,2.6
6493,2.2
6494,2.8
6495,2.5
6496,3.4
6497,2.7
6498,2.9
6499,3.3
6500,3.2
6501,2.6
6502,2.6
6503,3.8
6504,4.2
6505,4
6506,2.6
6507,1.9
6508,1.6
6509,1.5
6510,1.2
6511,0.8
6512,1.4
6513,2
6514,1.8
6515,2.2
6516,2.4
6517,2.7
6518,3
6519,2.9
6520,2.8
6521,3.1
6522,3.2
6523,3
6524,4
6525,2.9
6526,3
6527,2.5
6528,2.2
6529,2.2
6530,1.6
6531,1.2
6532,1.3
6533,0.9
6534,1.1
6535,0.8
6536,0.8
6537,1.5
6538,1.6
6539,1.9
6540,1.8
6541,2.6
6542,2.9
6543,2.5
6544,3
6545,3
6546,2.9
6547,4.2
6548,4.9
6549,2.6
6550,2.4
6551,2.3
6552,2
6553,1.6
6554,1.4
6555,1.3
6556,1
6557,0.8
6558,0.8
6559,0.8
6560,0.8
6561,1
6562,1.4
6563,1.7
6564,1.8
6565,2.6
6566,2.7
6567,2.7
6568,2.8
6569,2.8
6570,2.8
6571,2.7
6572,2.4
6573,2.4
6574,2
6575,2.2
6576,1.8
6577,1.6
6578,2.1
6579,1.1
6580,1.3
6581,1
6582,1
6583,0.8
6584,0.9
6585,1.5
6586,1.8
6587,1.7
6588,2.5
6589,1.7
6590,1.8
6591,2.5
6592,2.8
6593,4.5
6594,4.9
6595,3.8
6596,2.8
6597,3.7
6598,4.2
6599,3.1
6600,3.2
6601,1.6
6602,1
6603,1
6604,1.1
6605,1.3
6606,1.2
6607,0.8
6608,0.9
6609,1
6610,1.5
6611,1.8
6612,1.6
6613,1.6
6614,2
6615,2.4
6616,2.8
6617,2
6618,2.2
6619,2.2
6620,2.4
6621,2
6622,1.8
6623,2
6624,2.2
6625,2
6626,1.9
6627,1.5
6628,1.2
6629,1.3
6630,1.3
6631,1.2
6632,1.2
6633,1.1
6634,1.4
6635,3.7
6636,4.3
6637,3
6638,3.1
6639,2
6640,2.8
6641,3.8
6642,3
6643,2.4
6644,3
6645,2.4
6646,2.3
6647,2
6648,1.7
6649,1.6
6650,0.9
6651,1
6652,0.8
6653,0.8
6654,0.6
6655,0.6
6656,0.7
6657,0.9
6658,1.1
6659,0.9
6660,1.5
6661,1.7
6662,2
6663,1.7
6664,2.1
6665,2
6666,1.7
6667,2.1
6668,2.3
6669,2.2
6670,1.8
6671,1.7
6672,2
6673,1.9
6674,1.3
6675,1.1
6676,1.3
6677,0.6
6678,0.7
6679,0.6
6680,1
6681,1.4
6682,1.4
6683,1.7
6684,1
6685,0.7
6686,1.3
6687,1.1
6688,1.6
6689,1.5
6690,1.2
6691,2
6692,1.5
6693,1.7
6694,1.3
6695,1.2
6696,2
6697,1.6
6698,0.7
6699,0.9
6700,0.5
6701,0.3
6702,0.3
6703,0.3
6704,0.4
6705,1
6706,1
6707,1.3
6708,1.1
6709,1.4
6710,1.3
6711,2.1
6712,1.5
6713,1.9
6714,1.2
6715,1.7
6716,2
6717,1.2
6718,0.9
6719,1.6
6720,1.5
6721,0.8
6722,0.4
6723,0.4
6724,0.3
6725,0.3
6726,0.3
6727,0.3
6728,0.5
6729,1.1
6730,1.2
6731,1.2
6732,1
6733,1.2
6734,1.3
6735,1.9
6736,3.3
6737,2.9
6738,3.4
6739,2.3
6740,2.3
6741,4
6742,3
6743,1.6
6744,1.7
6745,1.9
6746,0.9
6747,0.4
6748,0.7
6749,0.9
6750,0.4
6751,0.4
6752,0.6
6753,1
6754,1.3
6755,1.4
6756,2
6757,1.7
6758,1.9
6759,2.8
6760,2.8
6761,3
6762,2.8
6763,3.1
6764,2.8
6765,2.5
6766,2.2
6767,2
6768,1.8
6769,1.4
6770,1.4
6771,1.1
6772,0.6
6773,0.6
6774,0.6
6775,0.7
6776,0.6
6777,0.6
6778,1.1
6779,1.3
6780,1.5
6781,2.4
6782,2.4
6783,3.8
6784,4.4
6785,2
6786,3.2
6787,4.5
6788,2.5
6789,1.9
6790,1.6
6791,1.8
6792,1.5
6793,1.5
6794,1.4
6795,1
6796,1.1
6797,1
6798,1
6799,0.6
6800,0.9
6801,1
6802,1.3
6803,3.5
6804,2.6
6805,3.6
6806,5.1
6807,5.6
6808,2.7
6809,3
6810,3.2
6811,3.2
6812,3
6813,2.6
6814,2.6
6815,3.5
6816,2.9
6817,2.7
6818,1.6
6819,1.6
6820,1.4
6821,1.1
6822,0.6
6823,0.9
6824,0.7
6825,1.5
6826,1.9
6827,2.1
6828,2.7
6829,2.6
6830,2.6
6831,2.4
6832,4.2
6833,2.2
6834,2.4
6835,1.3
6836,1.4
6837,2.6
6838,2.7
6839,2.9
6840,3
6841,2.3
6842,2
6843,1.3
6844,1.2
6845,0.9
6846,0.9
6847,0.8
6848,1
6849,1.6
6850,1.6
6851,1.6
6852,2.2
6853,2.3
6854,2.3
6855,2.4
6856,2.2
6857,2.4
6858,2.1
6859,2.6
6860,2.3
6861,2.5
6862,2.2
6863,2.4
6864,2
6865,1.6
6866,1.1
6867,0.9
6868,0.9
6869,0.7
6870,0.7
6871,0.8
6872,0.8
6873,1.2
6874,1.5
6875,2.1
6876,2.6
6877,2.6
6878,2.5
6879,2.5
6880,2.9
6881,2.5
6882,2.5
6883,2.8
6884,2.8
6885,2.6
6886,2.4
6887,2
6888,2.7
6889,2.2
6890,1.6
6891,1.2
6892,1.4
6893,1.1
6894,0.6
6895,0.8
6896,0.8
6897,1.3
6898,1.3
6899,2
6900,1.8
6901,1.9
6902,1.9
6903,1.8
6904,2
6905,2.2
6906,2.1
6907,2.2
6908,2.2
6909,3.5
6910,3.4
6911,2.6
6912,3.7
6913,4.2
6914,2.2
6915,1.6
6916,1.4
6917,1.1
6918,0.9
6919,0.7
6920,0.8
6921,1
6922,2
6923,3.5
6924,2.8
6925,2.6
6926,2.2
6927,1.8
6928,1.9
6929,1.8
6930,1.7
6931,2.3
6932,1.6
6933,2.9
6934,2.8
6935,1.6
6936,1.2
6937,2
6938,1.5
6939,1.6
6940,1.1
6941,0.9
6942,0.9
6943,0.8
6944,0.7
6945,0.9
6946,1.3
6947,1.4
6948,2.2
6949,2.2
6950,2.6
6951,1.7
6952,1
6953,1.3
6954,1.6
6955,1.7
6956,1.8
6957,1.3
6958,1.5
6959,1.6
6960,1.1
6961,1
6962,1.3
6963,1.2
6964,0.3
6965,0.2
6966,0.3
6967,0.3
6968,0.2
6969,0.3
6970,1.7
6971,4.4
6972,2.7
6973,6.2
6974,5.6
6975,5.1
6976,3.2
6977,2.9
6978,5.5
6979,4.8
6980,2.8
6981,3.9
6982,2.2
6983,1.8
6984,1.3
6985,1.3
6986,0.9
6987,0.5
6988,0.5
6989,0.7
6990,0.3
6991,0.5
6992,0.5
6993,1.1
6994,1.2
6995,1.4
6996,1.4
6997,1.8
6998,2
6999,1.8
7000,2.2
7001,1.8
7002,2.5
7003,2.2
7004,2.5
7005,2.5
7006,1.9
7007,3.4
7008,2.2
7009,3.5
7010,2.2
7011,1
7012,1
7013,0.7
7014,0.7
7015,0.7
7016,0.6
7017,1.4
7018,2.6
7019,1.5
7020,1.4
7021,1.4
7022,0.8
7023,0.7
7024,0.8
7025,0.8
7026,0.5
7027,0.7
7028,1.7
7029,1.7
7030,1.9
7031,2.2
7032,1.9
7033,1.6
7034,1.8
7035,1.2
7036,1.2
7037,0.9
7038,0.6
7039,0.4
7040,0.5
7041,0.6
7042,0.6
7043,1.1
7044,1.7
7045,1.6
7046,0.8
7047,0.8
7048,1.1
7049,0.8
7050,1.2
7051,1.2
7052,0.7
7053,0.6
7054,0.7
7055,1.2
7056,0.6
7057,0.5
7058,0.5
7059,0.5
7060,0.5
7061,0.2
7062,0.3
7063,0.2
7064,0.3
7065,0.4
7066,0.2
7067,0.3
7068,0.2
7069,0.4
7070,0.3
7071,0.4
7072,0.3
7073,0.4
7074,0.9
7075,1.6
7076,1.4
7077,1.6
7078,1.6
7079,1.5
7080,1.6
7081,1.9
7082,1.3
7083,0.5
7084,0.5
7085,0.4
7086,0.3
7087,0.3
7088,0.3
7089,0.6
7090,0.6
7091,0.9
7092,1.2
7093,1.2
7094,1.2
7095,1.1
7096,1.3
7097,2.1
7098,1.6
7099,1.5
7100,1.6
7101,1.6
7102,1.4
7103,1.3
7104,1
7105,0.7
7106,1.6
7107,1.2
7108,0.7
7109,0.3
7110,0.5
7111,0.4
7112,0.4
7113,0.9
7114,1
7115,1
7116,1.2
7117,1.3
7118,1.6
7119,1.7
7120,1.5
7121,1.6
7122,2.1
7123,2.3
7124,1.4
7125,1.4
7126,1.4
7127,3.1
7128,2.4
7129,0.8
7130,0.6
7131,0.6
7132,0.4
7133,0.2
7134,0.3
7135,0.2
7136,0.6
7137,0.7
7138,1.2
7139,1.4
7140,1.9
7141,2.2
7142,2.5
7143,2.3
7144,2.6
7145,1.6
7146,1.3
7147,1.5
7148,1.9
7149,1.5
7150,1.9
7151,2.9
7152,2.7
7153,2.9
7154,1.7
7155,1
7156,0.9
7157,0.3
7158,0.5
7159,0.8
7160,0.5
7161,0.5
7162,0.8
7163,0.9
7164,1.1
7165,1.4
7166,1.6
7167,1.6
7168,2.5
7169,2.3
7170,4
7171,1.6
7172,2.2
7173,1.2
7174,1.6
7175,1.1
7176,0.7
7177,0.7
7178,0.4
7179,0.4
7180,0.2
7181,0.3
7182,0.2
7183,0.3
7184,0.2
7185,0.3
7186,0.2
7187,0.7
7188,0.8
7189,0.9
7190,1.3
7191,1.4
7192,1.2
7193,1.3
7194,1
7195,1.5
7196,0.9
7197,1.6
7198,1.7
7199,1.9
7200,1.5
7201,1.9
7202,1.4
7203,1.2
7204,0.2
7205,0.3
7206,0.3
7207,0.2
7208,0.4
7209,0.3
7210,0.4
7211,0.3
7212,0.4
7213,0.7
7214,2.4
7215,3.3
7216,3.9
7217,2.9
7218,3.8
7219,3.1
7220,1.4
7221,1.3
7222,2.8
7223,2.6
7224,3
7225,3.3
7226,1.1
7227,0.4
7228,0.3
7229,0.4
7230,0.3
7231,0.2
7232,0.4
7233,0.5
7234,0.8
7235,1
7236,1
7237,0.9
7238,0.7
7239,1.4
7240,0.6
7241,0.8
7242,1.1
7243,2.1
7244,2.2
7245,3.9
7246,2.9
7247,2.2
7248,2.4
7249,1.3
7250,1.1
7251,0.8
7252,0.5
7253,0.4
7254,0.5
7255,0.4
7256,0.5
7257,1
7258,1.2
7259,0.7
7260,1
7261,0.6
7262,0.8
7263,0.7
7264,0.8
7265,0.7
7266,1.5
7267,2.1
7268,3.8
7269,1.4
7270,1.4
7271,1
7272,0.9
7273,0.7
7274,0.6
7275,0.4
7276,0.4
7277,0.3
7278,0.4
7279,0.4
7280,0.3
7281,0.4
7282,0.5
7283,1.6
7284,3.8
7285,3
7286,1.9
7287,3.4
7288,2.6
7289,2.4
7290,1.6
7291,1.5
7292,1.4
7293,2.1
7294,1.5
7295,1.1
7296,1.2
7297,1.1
7298,0.9
7299,0.6
7300,0.5
7301,0.5
7302,0.5
7303,0.6
7304,0.5
7305,0.4
7306,1
7307,1.1
7308,1.2
7309,1.9
7310,5
7311,1.6
7312,3
7313,3
7314,2.4
7315,1.2
7316,1.1
7317,0.9
7318,0.6
7319,0.7
7320,0.7
7321,0.8
7322,0.9
7323,0.4
7324,0.4
7325,0.4
7326,0.3
7327,0.3
7328,0.4
7329,0.3
7330,0.4
7331,0.8
7332,0.7
7333,0.7
7334,1.1
7335,0.8
7336,0.8
7337,1.4
7338,1.2
7339,2.8
7340,2.9
7341,2.1
7342,1.5
7343,0.9
7344,0.6
7345,0.6
7346,0.7
7347,0.6
7348,0.6
7349,0.5
7350,0.5
7351,0.5
7352,0.4
7353,0.6
7354,0.6
7355,0.8
7356,0.8
7357,1.1
7358,1.2
7359,2.8
7360,1.6
7361,0.7
7362,0.5
7363,0.8
7364,1
7365,1.2
7366,0.8
7367,0.8
7368,0.7
7369,0.5
7370,0.4
7371,0.4
7372,0.3
7373,0.3
7374,0.3
7375,0.3
7376,0.3
7377,0.8
7378,0.7
7379,0.4
7380,0.5
7381,0.5
7382,0.6
7383,0.6
7384,0.6
7385,0.6
7386,0.8
7387,2.1
7388,1.4
7389,0.8
7390,2
7391,3.2
7392,3.4
7393,0.6
7394,0.6
7395,0.6
7396,0.6
7397,0.4
7398,0.4
7399,0.4
7400,0.5
7401,0.5
7402,0.4
7403,0.3
7404,0.4
7405,0.3
7406,0.6
7407,0.9
7408,1.2
7409,0.8
7410,1.2
7411,1.5
7412,1.4
7413,1.2
7414,0.8
7415,1.2
7416,3.8
7417,1
7418,0.6
7419,0.4
7420,0.4
7421,0.4
7422,0.4
7423,0.3
7424,0.2
7425,0.8
7426,0.7
7427,0.4
7428,0.3
7429,0.3
7430,0.4
7431,0.6
7432,0.9
7433,1.2
7434,1
7435,1.4
7436,1.5
7437,1.2
7438,0.9
7439,0.9
7440,0.7
7441,0.8
7442,0.5
7443,0.6
7444,0.4
7445,0.4
7446,0.4
7447,0.5
7448,0.8
7449,0.5
7450,0.4
7451,0.5
7452,0.4
7453,0.4
7454,0.3
7455,0.4
7456,0.8
7457,1.2
7458,1.2
7459,1.2
7460,1.6
7461,1.1
7462,0.8
7463,0.8
7464,0.7
7465,0.9
7466,0.9
7467,0.5
7468,0.4
7469,0.4
7470,0.4
7471,0.3
7472,0.3
7473,0.3
7474,0.3
7475,1.3
7476,2.7
7477,1.9
7478,2.9
7479,2
7480,1.2
7481,1.1
7482,0.6
7483,0.4
7484,1.1
7485,0.4
7486,0.5
7487,0.6
7488,0.8
7489,1.7
7490,2.9
7491,0.6
7492,0.6
7493,0.6
7494,0.6
7495,0.4
7496,0.3
7497,0.3
7498,0.3
7499,0.6
7500,0.7
7501,1
7502,1.8
7503,2.4
7504,1.1
7505,1.6
7506,2
7507,1.3
7508,1
7509,1.1
7510,1.3
7511,1.4
7512,1
7513,1.4
7514,0.9
7515,0.6
7516,1.3
7517,2.7
7518,0.4
7519,0.4
7520,0.3
7521,0.8
7522,0.7
7523,0.3
7524,0.4
7525,0.5
7526,1.1
7527,1.2
7528,1.3
7529,1.4
7530,1.4
7531,1.4
7532,1
7533,1
7534,0.6
7535,1
7536,1.5
7537,1
7538,0.6
7539,0.4
7540,0.4
7541,0.3
7542,0.3
7543,0.4
7544,0.4
7545,0.3
7546,0.8
7547,0.9
7548,0.6
7549,0.8
7550,1.3
7551,3.2
7552,3.6
7553,1.8
7554,2.5
7555,6.9
7556,3.8
7557,3
7558,2.6
7559,2.2
7560,2.5
7561,2.1
7562,2.1
7563,1.6
7564,1.4
7565,1
7566,1
7567,0.8
7568,0.6
7569,1.1
7570,1.4
7571,1.2
7572,0.6
7573,0.6
7574,0.8
7575,0.7
7576,0.6
7577,0.8
7578,3.7
7579,2.6
7580,2.4
7581,0.9
7582,0.9
7583,0.6
7584,0.8
7585,0.8
7586,0.5
7587,0.5
7588,0.4
7589,0.3
7590,0.2
7591,0.3
7592,0.2
7593,0.5
7594,0.3
7595,0.4
7596,0.5
7597,0.6
7598,0.6
7599,0.7
7600,0.7
7601,0.7
7602,1.1
7603,3.4
7604,1.4
7605,1.1
7606,0.8
7607,0.4
7608,0.5
7609,0.6
7610,0.6
7611,0.5
7612,0.3
7613,0.3
7614,0.3
7615,0.2
7616,0.3
7617,0.2
7618,0.3
7619,0.8
7620,1.1
7621,0.6
7622,0.5
7623,0.5
7624,0.8
7625,1.2
7626,1.4
7627,3.1
7628,2.3
7629,2.8
7630,1.8
7631,2.4
7632,2.5
7633,0.5
7634,0.4
7635,0.4
7636,0.4
7637,0.3
7638,0.2
7639,0.3
7640,0.2
7641,0.2
7642,0.8
7643,0.5
7644,0.6
7645,0.4
7646,0.5
7647,0.5
7648,3.4
7649,1.1
7650,0.8
7651,0.8
7652,0.8
7653,0.9
7654,0.7
7655,0.7
7656,1.4
7657,3.5
7658,1
7659,2.6
7660,1.6
7661,0.3
7662,0.2
7663,0.3
7664,0.3
7665,0.4
7666,1
7667,4.4
7668,2.2
7669,2.4
7670,4.4
7671,3.4
7672,1.6
7673,3.4
7674,1.4
7675,1
7676,0.7
7677,0.8
7678,0.9
7679,0.8
7680,0.6
7681,0.5
7682,0.4
7683,0.4
7684,0.3
7685,0.2
7686,0.2
7687,0.2
7688,0.2
7689,0.4
7690,0.3
7691,0.2
7692,0.2
7693,0.3
7694,0.8
7695,0.4
7696,0.5
7697,0.4
7698,0.5
7699,1
7700,1.1
7701,0.8
7702,0.9
7703,0.8
7704,0.6
7705,0.7
7706,0.4
7707,0.4
7708,0.2
7709,0.2
7710,0.2
7711,0.3
7712,0.2
7713,0.5
7714,0.5
7715,0.6
7716,1
7717,3
7718,1.3
7719,0.6
7720,0.9
7721,2.4
7722,2.1
7723,0.8
7724,2.4
7725,2.4
7726,1.1
7727,1.3
7728,1.3
7729,2.2
7730,1.1
7731,0.7
7732,0.7
7733,0.4
7734,0.4
7735,0.4
7736,0.4
7737,0.6
7738,0.6
7739,0.5
7740,0.6
7741,0.6
7742,0.3
7743,0.6
7744,0.4
7745,0.5
7746,0.6
7747,1
7748,1.3
7749,1.1
7750,1.1
7751,1.5
7752,3.4
7753,1.7
7754,2.7
7755,0.5
7756,0.5
7757,0.4
7758,0.5
7759,0.6
7760,0.8
7761,0.5
7762,0.5
7763,0.5
7764,0.4
7765,0.5
7766,0.6
7767,0.8
7768,0.6
7769,0.9
7770,0.9
7771,1.1
7772,0.5
7773,0.5
7774,1
7775,1.2
7776,1
7777,0.6
7778,0.5
7779,0.5
7780,0.4
7781,0.3
7782,0.3
7783,0.4
7784,0.4
7785,0.7
7786,0.6
7787,0.7
7788,0.6
7789,0.4
7790,0.5
7791,0.6
7792,0.5
7793,0.4
7794,0.7
7795,1
7796,0.7
7797,0.7
7798,0.9
7799,1
7800,0.9
7801,0.7
7802,0.9
7803,1
7804,0.5
7805,0.6
7806,0.5
7807,0.4
7808,0.3
7809,0.3
7810,0.5
7811,0.7
7812,1.2
7813,1
7814,0.7
7815,0.6
7816,0.5
7817,0.9
7818,0.7
7819,1.6
7820,1.2
7821,1
7822,0.8
7823,1
7824,1.1
7825,0.8
7826,0.7
7827,0.7
7828,0.6
7829,0.5
7830,0.4
7831,0.3
7832,0.3
7833,1.9
7834,3.1
7835,0.7
7836,0.5
7837,1.3
7838,4.2
7839,1.7
7840,2.3
7841,2.7
7842,0.7
7843,1.2
7844,4
7845,3.2
7846,1.9
7847,2.8
7848,1
7849,0.7
7850,0.5
7851,0.5
7852,0.5
7853,0.5
7854,0.4
7855,0.3
7856,0.3
7857,0.7
7858,3.1
7859,1.2
7860,0.4
7861,0.5
7862,0.6
7863,0.5
7864,0.6
7865,0.5
7866,0.6
7867,1.6
7868,1.6
7869,1.9
7870,2.7
7871,1.1
7872,0.8
7873,0.7
7874,0.6
7875,0.4
7876,0.5
7877,0.3
7878,0.3
7879,0.3
7880,0.3
7881,0.6
7882,1
7883,0.7
7884,0.5
7885,0.5
7886,0.6
7887,0.4
7888,0.4
7889,0.7
7890,0.7
7891,0.9
7892,0.8
7893,0.9
7894,1
7895,2.7
7896,3.6
7897,1
7898,0.6
7899,0.5
7900,0.5
7901,0.5
7902,0.6
7903,0.7
7904,0.6
7905,0.6
7906,0.3
7907,0.3
7908,0.3
7909,0.5
7910,0.7
7911,0.6
7912,0.8
7913,0.8
7914,1.8
7915,2.5
7916,1.4
7917,1
7918,0.9
7919,3.6
7920,1.6
7921,2.2
7922,3.4
7923,2.4
7924,0.4
7925,0.5
7926,0.4
7927,0.4
7928,0.3
7929,0.4
7930,0.3
7931,0.4
7932,0.5
7933,0.6
7934,0.7
7935,0.8
7936,0.8
7937,0.5
7938,0.3
7939,0.3
7940,0.5
7941,0.8
7942,0.9
7943,1.1
7944,1
7945,0.9
7946,0.8
7947,0.6
7948,0.4
7949,0.4
7950,0.4
7951,0.3
7952,0.3
7953,0.3
7954,0.3
7955,0.3
7956,0.4
7957,0.7
7958,0.6
7959,0.6
7960,0.7
7961,0.6
7962,0.8
7963,0.6
7964,0.8
7965,0.9
7966,0.8
7967,0.8
7968,0.4
7969,0.4
7970,0.5
7971,0.3
7972,0.4
7973,0.4
7974,0.3
7975,0.3
7976,0.3
7977,0.3
7978,0.3
7979,0.3
7980,1
7981,2.1
7982,4.2
7983,3.9
7984,0.9
7985,2.8
7986,1.5
7987,0.6
7988,1.1
7989,0.7
7990,0.9
7991,0.8
7992,0.8
7993,0.8
7994,0.5
7995,0.6
7996,0.5
7997,0.3
7998,0.4
7999,0.3
8000,0.4
8001,0.3
8002,0.3
8003,0.3
8004,0.4
8005,0.7
8006,0.9
8007,0.8
8008,0.9
8009,0.8
8010,0.8
8011,0.8
8012,1
8013,1
8014,0.6
8015,0.6
8016,0.6
8017,0.7
8018,0.6
8019,0.5
8020,0.4
8021,0.7
8022,0.3
8023,0.3
8024,0.3
8025,0.4
8026,0.4
8027,2.5
8028,2.3
8029,0.9
8030,0.8
8031,1.3
8032,1
8033,0.7
8034,0.9
8035,1
8036,0.6
8037,0.7
8038,1.1
8039,1.1
8040,1.1
8041,0.7
8042,0.6
8043,0.5
8044,0.4
8045,0.4
8046,0.3
8047,0.3
8048,0.4
8049,0.4
8050,0.4
8051,0.5
8052,0.8
8053,0.6
8054,0.6
8055,0.6
8056,0.6
8057,0.6
8058,2
8059,3.9
8060,1.5
8061,1.3
8062,2.5
8063,1.1
8064,1.2
8065,3.6
8066,0.7
8067,0.6
8068,0.6
8069,0.4
8070,0.5
8071,0.4
8072,0.5
8073,0.8
8074,0.5
8075,0.5
8076,0.5
8077,0.9
8078,0.8
8079,0.6
8080,0.5
8081,0.5
8082,0.6
8083,0.6
8084,0.5
8085,0.5
8086,0.5
8087,0.6
8088,0.6
8089,0.5
8090,0.4
8091,0.3
8092,0.2
8093,0.3
8094,0.3
8095,0.4
8096,0.4
8097,0.2
8098,0.5
8099,0.4
8100,0.6
8101,0.4
8102,0.4
8103,0.5
8104,0.6
8105,0.5
8106,0.5
8107,0.6
8108,0.6
8109,2.2
8110,1
8111,4
8112,1.5
8113,0.6
8114,0.8
8115,0.5
8116,0.4
8117,0.2
8118,0.2
8119,0.4
8120,0.4
8121,0.7
8122,0.6
8123,0.7
8124,1
8125,0.5
8126,0.5
8127,0.6
8128,0.4
8129,0.5
8130,1
8131,0.7
8132,0.9
8133,1
8134,0.9
8135,0.9
8136,0.8
8137,1.1
8138,0.8
8139,0.6
8140,0.4
8141,0.4
8142,0.4
8143,0.8
8144,0.4
8145,0.4
8146,0.4
8147,0.5
8148,1
8149,0.7
8150,0.6
8151,0.6
8152,1.9
8153,1.1
8154,0.8
8155,4.1
8156,2.2
8157,1.1
8158,4.6
8159,1.5
8160,3.1
8161,1.8
8162,0.5
8163,0.4
8164,0.4
8165,0.3
8166,0.4
8167,0.4
8168,1
8169,1.4
8170,4
8171,4
8172,2.6
8173,4.5
8174,4.1
8175,3.8
8176,1.2
8177,4.3
8178,4.5
8179,3.7
8180,2.9
8181,2.9
8182,4.2
8183,1
8184,0.7
8185,0.6
8186,0.5
8187,0.5
8188,0.4
8189,0.4
8190,0.3
8191,0.4
8192,0.3
8193,1.5
8194,0.3
8195,0.9
8196,0.6
8197,0.5
8198,0.6
8199,0.5
8200,0.3
8201,0.5
8202,1.3
8203,1.6
8204,1.8
8205,0.9
8206,2.5
8207,2.6
8208,2
8209,2.2
8210,1
8211,0.6
8212,0.6
8213,0.7
8214,0.6
8215,0.4
8216,0.3
8217,0.4
8218,0.7
8219,0.8
8220,0.6
8221,0.4
8222,0.6
8223,0.8
8224,0.7
8225,3.6
8226,3.1
8227,3.4
8228,1.1
8229,1.1
8230,0.7
8231,2.8
8232,1.8
8233,0.7
8234,0.6
8235,0.6
8236,0.7
8237,0.5
8238,0.4
8239,0.6
8240,0.6
8241,0.4
8242,0.8
8243,1
8244,1
8245,1.2
8246,2.3
8247,1.5
8248,1.3
8249,1
8250,1.3
8251,1.2
8252,3.8
8253,0.8
8254,0.7
8255,3.5
8256,0.7
8257,0.9
8258,3.9
8259,0.9
8260,0.6
8261,0.4
8262,0.3
8263,0.3
8264,0.4
8265,0.3
8266,0.8
8267,0.4
8268,1.9
8269,1.6
8270,1
8271,0.6
8272,0.7
8273,0.6
8274,0.9
8275,1.9
8276,2.6
8277,1.3
8278,1.2
8279,2.4
8280,3.1
8281,0.8
8282,0.9
8283,0.8
8284,0.6
8285,0.5
8286,0.3
8287,0.4
8288,0.4
8289,1
8290,0.8
8291,0.8
8292,1
8293,1.2
8294,1
8295,0.8
8296,0.9
8297,1
8298,0.9
8299,1.2
8300,1
8301,0.7
8302,0.6
8303,0.6
8304,0.7
8305,0.6
8306,0.4
8307,0.3
8308,0.4
8309,0.3
8310,0.4
8311,0.3
8312,0.5
8313,0.4
8314,0.4
8315,0.5
8316,1.5
8317,0.7
8318,0.8
8319,0.3
8320,0.3
8321,0.3
8322,0.3
8323,0.4
8324,0.3
8325,0.4
8326,0.6
8327,1.4
8328,1.3
8329,1
8330,0.6
8331,0.5
8332,0.4
8333,0.3
8334,0.4
8335,0.3
8336,0.3
8337,0.5
8338,0.5
8339,0.5
8340,1.3
8341,1
8342,1.6
8343,1.5
8344,1.4
8345,4.5
8346,4.4
8347,1.5
8348,1.1
8349,1.1
8350,1.2
8351,2.7
8352,3.1
8353,1.1
8354,1
8355,0.9
8356,0.6
8357,0.5
8358,0.5
8359,0.5
8360,0.5
8361,0.5
8362,0.8
8363,0.8
8364,0.5
8365,0.6
8366,0.7
8367,1
8368,0.9
8369,0.9
8370,1.4
8371,1.2
8372,2.1
8373,1.2
8374,1.3
8375,1.2
8376,1.1
8377,1.1
8378,0.9
8379,0.5
8380,0.6
8381,0.5
8382,0.6
8383,0.5
8384,0.5
8385,0.5
8386,0.5
8387,0.7
8388,1.6
8389,4
8390,3.9
8391,2.7
8392,1.6
8393,0.9
8394,0.9
8395,0.6
8396,0.7
8397,0.8
8398,0.7
8399,0.8
8400,0.8
8401,0.3
8402,0.4
8403,0.6
8404,0.5
8405,0.5
8406,0.4
8407,0.5
8408,0.5
8409,0.4
8410,0.5
8411,0.8
8412,1.1
8413,1.4
8414,0.4
8415,0.3
8416,0.3
8417,0.4
8418,1
8419,0.7
8420,1.1
8421,0.9
8422,0.8
8423,0.8
8424,1
8425,1.1
8426,0.8
8427,0.5
8428,0.5
8429,0.5
8430,0.4
8431,0.5
8432,0.9
8433,0.8
8434,0.7
8435,0.6
8436,0.4
8437,0.5
8438,0.7
8439,0.7
8440,0.9
8441,1.1
8442,1.8
8443,3.6
8444,1.4
8445,1.6
8446,1.3
8447,1.2
8448,1
8449,1
8450,0.5
8451,0.5
8452,0.6
8453,0.5
8454,0.4
8455,0.5
8456,0.5
8457,0.4
8458,0.8
8459,1
8460,0.9
8461,0.8
8462,0.3
8463,0.3
8464,0.2
8465,0.6
8466,1
8467,1
8468,1.1
8469,0.9
8470,0.8
8471,0.8
8472,0.7
8473,0.5
8474,0.6
8475,0.5
8476,0.6
8477,0.5
8478,0.5
8479,0.6
8480,0.6
8481,0.6
8482,0.5
8483,0.5
8484,0.6
8485,1
8486,0.6
8487,0.6
8488,0.3
8489,0.3
8490,0.4
8491,0.3
8492,0.4
8493,0.4
8494,0.4
8495,0.4
8496,0.4
8497,0.9
8498,0.9
8499,0.6
8500,0.4
8501,0.4
8502,0.4
8503,0.3
8504,0.4
8505,0.4
8506,0.4
8507,0.4
8508,0.3
8509,0.8
8510,0.7
8511,0.4
8512,0.4
8513,0.5
8514,1.5
8515,1.4
8516,3.9
8517,2.2
8518,1
8519,0.9
8520,1
8521,0.6
8522,0.4
8523,0.4
8524,0.3
8525,0.4
8526,0.3
8527,0.4
8528,0.4
8529,2
8530,1
8531,0.5
8532,0.3
8533,0.4
8534,0.6
8535,0.7
8536,0.7
8537,0.7
8538,0.7
8539,1.4
8540,0.7
8541,0.6
8542,0.5
8543,0.6
8544,0.6
8545,1
8546,1.1
8547,1
8548,0.6
8549,0.6
8550,0.5
8551,0.6
8552,0.5
8553,0.6
8554,0.6
8555,0.6
8556,0.6
8557,0.9
8558,1.4
8559,1.4
8560,1
8561,0.8
8562,0.7
8563,1.5
8564,0.6
8565,0.4
8566,0.3
8567,0.5
8568,0.8
8569,0.9
8570,0.8
8571,0.9
8572,0.6
8573,0.5
8574,0.5
8575,0.6
8576,0.5
8577,0.6
8578,0.6
8579,0.5
8580,0.9
8581,0.8
8582,0.7
8583,0.8
8584,1.5
8585,3.4
8586,0.3
8587,0.4
8588,0.3
8589,0.4
8590,0.4
8591,0.4
8592,0.3
8593,0.3
8594,0.4
8595,0.4
8596,0.4
8597,0.3
8598,0.4
8599,0.4
8600,0.3
8601,0.4
8602,0.4
8603,0.4
8604,0.4
8605,0.3
8606,0.4
8607,0.3
8608,0.4
8609,0.3
8610,0.4
8611,0.6
8612,0.4
8613,0.3
8614,0.4
8615,0.4
8616,1
8617,1
8618,0.7
8619,0.5
8620,0.6
8621,0.4
8622,0.4
8623,0.4
8624,0.3
8625,0.4
8626,0.3
8627,0.4
8628,0.8
8629,0.9
8630,0.7
8631,0.7
8632,1
8633,0.8
8634,0.7
8635,0.8
8636,1.1
8637,1
8638,0.9
8639,0.8
8640,0.8
8641,0.7
8642,0.4
8643,0.3
8644,0.4
8645,0.4
8646,0.4
8647,0.4
8648,0.4
8649,0.4
8650,0.4
8651,0.4
8652,0.4
8653,1.1
8654,1
8655,1.7
8656,1
8657,1
8658,1
8659,1.2
8660,1
8661,0.9
8662,0.9
8663,0.8
8664,0.8
8665,0.7
8666,0.7
8667,0.8
8668,0.7
8669,0.6
8670,0.6
8671,0.5
8672,0.6
8673,0.5
8674,0.6
8675,0.5
8676,1.1
8677,1.2
8678,1
8679,0.7
8680,0.7
8681,0.4
8682,0.4
8683,0.4
8684,0.4
8685,0.6
8686,0.8
8687,0.8
8688,0.9
8689,1
8690,1
8691,0.7
8692,0.4
8693,0.3
8694,0.4
8695,0.3
8696,0.4
8697,0.4
8698,0.4
8699,0.4
8700,0.4
8701,0.8
8702,0.8
8703,0.6
8704,0.4
8705,0.5
8706,0.4
8707,0.4
8708,0.5
8709,0.6
8710,0.8
8711,1.1
8712,1.4
8713,4.5
8714,3
8715,1.3
8716,0.5
8717,0.4
8718,0.4
8719,0.5
8720,0.5
8721,0.4
8722,0.5
8723,1.2
8724,4.3
8725,3
8726,3.8
8727,1.2
8728,0.6
8729,0.9
8730,3.7
8731,1
8732,1.1
8733,1.2
8734,1.2
8735,1.4
8736,0.9
8737,0.6
8738,0.6
8739,0.5
8740,0.6
8741,0.6
8742,0.4
8743,0.5
8744,0.4
8745,0.5
8746,0.4
8747,1.5
8748,1.2
8749,0.9
8750,0.5
8751,0.6
8752,0.7
8753,1.2
8754,1.1
8755,0.5
8756,0.5
8757,1.7
8758,0.8
8759,0.8
8760,0.8
